,id,kw_location,time_location,created_date,period,1,2,3,4,5,6,7,8,9,10,11,12,13,14,15,16,17,18,19,20,year,month
8569,8605,US,UK,2023-08-01 08:05:03,Morning,Angus Cloud,Paul Reubens,Lori Vallow,MLB trade deadline,Righteous Gemstones,Sun bear,Donald Trump,Tim Patrick,Falafel,Madonna,Jeimer Candelario,Craig Morgan,Al Nassr,USA vs Portugal,Mark Canha,Magnus White,Mark Jackson,Eagles' Kelly Green jersey,Iyanla Vanzant,Full moon August 2023,2023,8
8570,8606,UK,UK,2023-08-01 08:05:03,Morning,Harry Potter,Al Nassr,Adrian Street,Lori Vallow,Full moon August 2023,Angus Cloud,Paul Reubens,Man United vs Dortmund,Wolf,Chelsea,Dart Charge,Sun bear,Chris Woakes,Ronan Keating,Madonna,Youssef Chermiti,Fabinho,Tom Daley,David Hunter,Women's World Cup,2023,8
8572,8608,DE,UK,2023-08-01 08:05:03,Morning,Angus Cloud,Al-Nassr,Kane Bayern,Wacken,Penny,Pee-wee Herman,Dembele,Görlitzer Park,WM Frauen,Popp,WM,Zverev,Frauenfußball WM,FIFA frauen-wm\u2122,Südtirol,Max Verstappen,HSV,Martin Walser,AfD-Parteitag,Randy Meisner,2023,8
8573,8609,FR,UK,2023-08-01 08:05:03,Morning,Angus Cloud,Loto du 31 juillet 2023,1er août,Allocation rentrée scolaire,Senegal,Accident structure gonflable,Remi Enigma,Dembele,Declaration bien immobilier,Manchester United \u2013 Dortmund,Paul Reubens,Helene segara,Halloumi,Taylor Swift,FC Sochaux,France Tunisie basket,Algérie,Chelsea,Hedi,Romy Schneider,2023,8
8574,8610,NL,UK,2023-08-01 08:05:03,Morning,Angus Cloud,Paul Reubens,Jutta Leerdam,Tom Kleijn,Niger,Ziyech,De Slimste Mens,Donar,Chelsea,Keanu Reeves,Feyenoord,Hoyte van Hoytema,PSV,Jake Paul,Liverpool,Lauryn Hill,Demi Vollering,Zomercarnaval Rotterdam,Niewiadoma,Demi Vollering,2023,8
8575,8611,IT,UK,2023-08-01 08:05:03,Morning,Angus Cloud,Scamacca,Inter-Psg,Gino Infantino,Zakaria,Acrobata Remi Lucidi muore,Giorgia Cardinaletti,Crollo palazzina Matera,Il mistero di Donald C,La papessa,Paul Reubens,Deep Impact,Autotune,Salvini,Hitler,Thuram,Cinema Odeon Milano,Dembele,Procida,Reddito di cittadinanza sospeso,2023,8
8576,8612,AUS,UK,2023-08-01 08:05:03,Morning,Angus Cloud,Paul Reubens,Paul McCartney,Bonza,Cristiano Ronaldo,Chelsea,Raiz,Sun bear,Steve Smith,Dating apps,Vietnam vs Netherlands,Ben Stokes,Childcare worker charged,Lori Vallow,Malaysia,Matildas,RBA,World Cup Women 2023,Buddy' Franklin,FIFA,2023,8
8578,8614,US,UK,2023-08-01 18:58:04,Evening,Sinead,Uber stock,Loki Season 2,Angus Cloud,Paul Reubens,Lori Vallow,USA vs Portugal,Sun bear,MLB trade deadline,Donald Trump,Righteous Gemstones,Tim Patrick,Joe Biden,Yellow trucking,Jeimer Candelario,Falafel,Madonna,SoFi stock,Adrian Street,Al Nassr,2023,8
8579,8615,UK,UK,2023-08-01 18:58:04,Evening,Football Women's World Cup 2023,China vs England,ITV,Yorkshire Day,Harry Potter,The Hundred,Al Nassr,Margaret Ferrier,Lori Vallow,Full moon August 2023,Adrian Street,August,Costa Coffee,Judi Dench,Kombucha,Angus Cloud,Paul Reubens,Stuart Broad,Man United vs Dortmund,Wolf,2023,8
8581,8617,DE,UK,2023-08-01 18:58:04,Evening,Angus Cloud,Kane,Al-Nassr,Menowin Fröhlich,Wacken,Paul Reubens,Penny,Görlitzer Park,Dembele,Popp,WM,Frauenfußball WM,FIFA frauen-wm\u2122,Jürgen von der Lippe,Max Verstappen,HSV,Martin Walser,AfD-Parteitag,Randy Meisner,Haiti,2023,8
8582,8618,FR,UK,2023-08-01 18:58:04,Evening,Angus Cloud,Paris-sg \u2013 Inter,Matthieu Delormeau,Al-Nassr,Allocation rentrée scolaire,1er août,Nathalie péchalat,Senegal,Aout,Atos,Olivier Giroud,Remi Enigma,Accident structure gonflable,Declaration bien immobilier,Dembele,Paul Reubens,Helene segara,Halloumi,FC Sochaux,Taylor Swift,2023,8
8583,8619,NL,UK,2023-08-01 18:58:04,Evening,Angus Cloud,Esmee Brugts,Wieke Kaptein,Lieke Martens,Sport,Voetbal,Paul Reubens,Hakim Ziyech,Jutta Leerdam,De Slimste Mens,Donar,Hoyte van Hoytema,PSV,Jake Paul,Liverpool,Lauryn Hill,Demi Vollering,Zomercarnaval Rotterdam,Niewiadoma,Demi Vollering,2023,8
8584,8620,IT,UK,2023-08-01 18:58:04,Evening,Angus Cloud,Daniela Mazzacane malattia,Scamacca,Intesa Sanpaolo,Marcos Leonardo,Coppie Temptation Island ultima puntata,Vlahovic,Buffon,Al Nassr,Osimhen,Krunic,Endometriosi,Italia-Sudafrica,Ritrovato macaco parco Cappeller,Jovanotti,Donnarumma,Cavani,Valle d'Itria,Gino Infantino,Perdono di Assisi,2023,8
8585,8621,AUS,UK,2023-08-01 18:58:04,Evening,Angus Cloud,Paul Reubens,FIFA World Cup,Paul McCartney,China vs England,Sun bear,Childcare worker charged,Bonza,Chris Woakes,Raiz,Cristiano Ronaldo,Grinder,Lori Vallow,Judi Dench,Ben Stokes,Haiti,The Hunt,Bondi Sands,Malawi,Malaysia,2023,8
8587,8623,US,UK,2023-08-02 08:05:05,Morning,Mega Millions drawing,Lizzo,Supermoon,Sun bears,Barcelona,Henrietta Lacks,Jack Flaherty,AMD stock,Stephen Amell,TMNT: Mutant Mayhem,Cedar Point,Luis Urias,Uber stock,Tommy Pham,Peyton Manning Green Bay Packers,Jake Burger,Voyager 2,Loki Season 2,Big Brother' 25 cast,Toyota Land Cruiser 2024,2023,8
8588,8624,UK,UK,2023-08-02 08:05:05,Morning,Milan vs Barcelona,Trump,Voyager 2,China vs England,Stuart Broad,World Cup,ITV,Charlie Hedges,India vs West Indies,Celtic,Lizzo,Full moon August 2023,The Hundred,Margaret Ferrier,Yorkshire Day,Harry Potter,Al-Nassr,Sam Fox,Lori Vallow,Adrian Street,2023,8
8590,8626,DE,UK,2023-08-02 08:05:05,Morning,Lizzo,Buffon,Angus Cloud,Niger,Fenerbahce,Kane,Voyager 2,Uniper,Wacken,Penny,Popp,WM,Frauenfußball WM,FIFA frauen-wm\u2122,Jürgen von der Lippe,Max Verstappen,HSV,Martin Walser,AfD-Parteitag,Randy Meisner,2023,8
8591,8627,FR,UK,2023-08-02 08:05:05,Morning,Panathinaikos,Lizzo,Président Henri Konan Bédié,Angus Cloud,Matthieu Delormeau,PSG-Inter,Geoffroy Lejeune,Braquage bijouterie Paris,Les Randonneurs,Tom Hanks,Al-Nassr,Sri Lanka,Allocation rentrée scolaire,Olivier Giroud,1er août,Nathalie péchalat,Amis d'enfance,En eaux très troubles,Senegal,Burkina Faso,2023,8
8592,8628,NL,UK,2023-08-02 08:05:05,Morning,Angus Cloud,Esmee Brugts,Carlos Borges,Lizzo,Sport,Voetbal,Henk Schiffmacher,Niger,De Slimste Mens,Hoyte van Hoytema,PSV,Jake Paul,Liverpool,Lauryn Hill,Demi Vollering,Zomercarnaval Rotterdam,Niewiadoma,Demi Vollering,Kate Bush,FC Twente,2023,8
8593,8629,IT,UK,2023-08-02 08:05:05,Morning,Strage di Bologna,Berardi,Bob Sinclar,Miriam Leone incinta,Festa degli uomini,Elisabetta Cocciaretto,Lewis Hamilton,Giancarlo Giannini,Milan-Barcellona dove vederla,Cavallette Rimini,Mesagne,Arnautovic,Angus Cloud,Buffon,Scamacca,Padre Pio,Italia femminile,Daniela Mazzacane malattia,Koopmeiners,Marcos Leonardo,2023,8
8594,8630,AUS,UK,2023-08-02 08:05:05,Morning,Lizzo,India Vs West Indies,Usman Khawaja,Toyota Prado 2024,Donald Trump,Milan vs Barcelona,David Warner,Thank God You're Here,Voyager 2,Harvest Rock 2023,Tim Crakanthorp,Hailey Bieber,El Nino,Stephen Amell,Angus Cloud,Paul Reubens,FIFA World Cup,Paul McCartney,Sun bear,Childcare worker charged,2023,8
8596,8632,US,UK,2023-08-02 18:58:07,Evening,Liverpool vs Bayern,FC Barcelona,Framber Valdez,AC Milan,Mega Millions,Trump,Lizzo,Supermoon,Toyota Land Cruiser,Barcelona,Henrietta Lacks,AMD stock,Jack Flaherty,Eduardo Rodriguez,TMNT Mutant Mayhem,Michael Lorenzen,Luis Urias,Tommy Pham,Gilgo Beach killer,Uber stock,2023,8
8597,8633,UK,UK,2023-08-02 18:58:07,Evening,Liverpool vs Bayern,Arsenal vs Monaco,Trump,Milan vs Barcelona,Anton Du Beke,Buffon,David Raya,Marcelo,Voyager 2,Guardians of the Galaxy 3,China vs England,Stuart Broad,Lizzo,World Cup,Charlie Hedges,ITV,Celtic,Full moon August 2023,The Hundred,Margaret Ferrier,2023,8
8599,8635,DE,UK,2023-08-02 18:58:07,Evening,Lizzo,Buffon,Marta,Wacken,Liverpool gegen Bayern,Niger,Fenerbahce,Menowin Fröhlich,Angus Cloud Todesursache,Was ist am 1. August,Voyager 2,Uniper,Wacken,Wacken Open Air,Penny,Popp,WM,Frauenfußball WM,FIFA frauen-wm\u2122,Jürgen von der Lippe,2023,8
8600,8636,FR,UK,2023-08-02 18:58:07,Evening,Geneviève de Fontenay,Liverpool \u2013 Bayern,Lizzo,Président Henri Konan Bédié,Foot feminin,Buffon,Barca,Marcelo,Panathinaikos,Harry Styles,Tempete Patricia,Quentin Dupieux,Clara Luciani,Trump,Inter Milan,Angus Cloud,PSG-Inter,Disparition Emile Haut-Vernet,Braquage bijouterie Paris,Geoffroy Lejeune,2023,8
8601,8637,NL,UK,2023-08-02 18:58:07,Evening,Buffon,Jake Paul,Trump,Angus Cloud,Carlos Borges,Lizzo,Lieke Martens,Brugts,Midsommar,Sport,Niger,Henk Krol,Hoyte van Hoytema,PSV,Jake Paul,Liverpool,Lauryn Hill,Vollering,Zomercarnaval Rotterdam,Niewiadoma,2023,8
8602,8638,IT,UK,2023-08-02 18:58:07,Evening,Strage di Bologna,Festa degli uomini,Marcelo,Lizzo,Napoli-Girona,Juve Real Madrid,Berardi,Milan-Barcellona dove vederla,Reggina,Cavallette Rimini,Liverpool,Bob Sinclar,Eros Ramazzotti,Trump,Post Malone,Placebo,Arnautovic,Diodato,Elisabetta Cocciaretto,Lewis Hamilton,2023,8
8603,8639,AUS,UK,2023-08-02 18:58:07,Evening,Powerball,Jake Paul,Nitin Desai,Lizzo,Toyota,Liverpool vs Bayern,Trump,Thank God You're Here,Panama vs France,Usman Khawaja,Brazil vs Jamaica,Milan vs Barcelona,Tim Crakanthorp,David Warner,Moonee Ponds,Harvest Rock 2023,Voyager 2,South Africa vs Italy,Barcelona,Prado,2023,8
8605,8641,US,UK,2023-08-03 08:05:05,Morning,Heartstopper Season 2,Negasi Zuberi,Inter Miami,Justin Trudeau,Stock market,Big Brother,Chelsea vs Dortmund,Arsenal vs Monaco,Max Scherzer,Vince McMahon,Fcbarcelona,Liverpool,Paul Reubens Pee-wee Herman,Guardians of the Galaxy,Reservation Dogs,Cooper Kupp,Baker Mayfield,AC Milan,Mega Millions,Lizzo,2023,8
8606,8642,UK,UK,2023-08-03 08:05:05,Morning,Chelsea vs Dortmund,Juventus vs Real Madrid,Inter Miami vs Orlando City,Heartstopper Season 2,Arsenal FC,James Buckley,Arsenal,Liverpool vs Bayern,Anton Du Beke,Trump,Liverpool FC,Milan vs Barcelona,Guardians of the Galaxy 3,Justin Trudeau,Wordle Hint,Buffon,Marcelo,Wolves,Nicholas Rossi,Robert Bowers,2023,8
8608,8644,DE,UK,2023-08-03 08:05:05,Morning,Gran Canaria,Lizzo,Galatasaray,James Bond,Buffon,Trump,Deutschland Südkorea,Marta,Daniel Craig,Justin Trudeau,Frauen-WM Deutschland,SV Werder Bremen,NATO,Wacken,Bayern Liverpool,Niger,Fenerbahce,Voyager 2,Uniper,Wacken,2023,8
8609,8645,FR,UK,2023-08-03 08:05:05,Morning,Juventus \u2013 Real Madrid,Loto 2 aout 2023,Sylvain Francisco,Pape François,Geneviève de Fontenay,France - Panama,OM,Liverpool \u2013 Bayern,Arsenal \u2013 Monaco,Lens-Torino,Bresil jamaique,Tempete Patricia,Lizzo,Barca,Dans la Maison,Virus du Nil occidental Bordeaux,Buffon,Foot feminin,Bedie,Renaud,2023,8
8610,8646,NL,UK,2023-08-03 08:05:05,Morning,Justin Trudeau,Johan Cruijff Schaal,Royston Drenthe,Pommelien thijs,Buffon,Wacken,Meghan Markle,Trump,Angus Cloud,Lizzo,Midsommar,Niger,Henk Krol,Hoyte van Hoytema,PSV,Jake Paul,Liverpool,Lauryn Hill,Vollering,Zomercarnaval Rotterdam,2023,8
8611,8647,IT,UK,2023-08-03 08:05:05,Morning,De Ketelaere,Inter Miami  Orlando City,Chelsea  Borussia Dortmund,John Wall,Perucetus colossus,Heartstopper,Hawaii,Incidente Milano,Fassino stipendio,Juventus-Real Madrid,Farense,Marcelo,Napoli-Girona,Liverpool-Bayern Monaco,Isaksen,Strage di Bologna,Festa degli uomini,Lizzo,Giorgia Cardinaletti,L'uomo della pioggia,2023,8
8612,8648,AUS,UK,2023-08-03 08:05:05,Morning,Inter Miami,Powerball,Ahn Bo-hyun,Justin Trudeau,Juventus vs Real Madrid,Fenton and Fenton,Arsenal vs Monaco,Chelsea vs Dortmund,Jake Paul vs Nate Diaz,Heartstopper Season 2,The Lost Flowers of Alice Hart,MrBeast,Nitin Desai,Brittany Higgins,Jeremy Cameron,Toyota Australia,Anthony Albanese,Brazil,Montenegro,Lizzo,2023,8
8614,8650,US,UK,2023-08-03 18:58:07,Evening,Taylor Swift,Baldur's Gate 3,Rudy Giuliani,Heartstopper season 2,Negasi Zuberi,FC Dallas,Inter Miami,Justin Trudeau,Ahn Bo Hyun,Lottery,Big Brother,Arsenal vs Monaco,Vince McMahon,Stock market,Guardians of the Galaxy,Liverpool,Paul Reubens Pee-wee Herman,Reservation Dogs,Cooper Kupp,AC Milan,2023,8
8615,8651,UK,UK,2023-08-03 18:58:07,Evening,Wilko,Inter Miami,Bank of England base rate,Chelsea vs Dortmund,Heartstopper,Juventus vs Real Madrid,Tom Brady,Ahn Bo Hyun,Netball World Cup 2023,Baldur's Gate 3,Will Smith,Andy Murray,Robson Green,Greatest Hits Radio,West Indies vs India,Michael Barrymore,Jake Paul vs Nate Diaz,Tino Livramento,Freddie Mercury,James Buckley,2023,8
8617,8653,DE,UK,2023-08-03 18:58:07,Evening,Baldur's Gate 3,Taylor Swift,Waldrapp,Lizzo,Wacken Open Air Festival,Buffon,Trump,Liverpool,Guardians of the Galaxy,Justin Trudeau,Roger Waters,SV Werder Bremen,WM Frauen,Wacken Open Air,Niger,Voyager 2,Wacken,Wacken Open Air,Penny,Popp,2023,8
8618,8654,FR,UK,2023-08-03 18:58:07,Evening,Jeonbuk Motors \u2013 paris-sg,Juventus \u2013 Real Madrid,Disparition Emile incendie,Inter Miami,Goncalo Ramos,Baldur's Gate 3,Bruce Willis,LBD,Taylor Swift,Jisoo,Heartstopper,Saint-Laurent-d'Aigouze,Sylvain Francisco,Noyade,Pape François,Geneviève de Fontenay,France-Panama,OM,Coupe du monde féminine 2023,Arsenal \u2013 Monaco,2023,8
8619,8655,NL,UK,2023-08-03 18:58:07,Evening,Hammarby  Twente,Landelijke pinstoring,Psg,Post Malone,Galatasaray,Wacken,Meghan Markle,Trump,Angus Cloud,Lizzo,Midsommar,Niger,Henk Krol,Hoyte van Hoytema,PSV,Jake Paul,Liverpool,Lauryn Hill,Vollering,Zomercarnaval Rotterdam,2023,8
8620,8656,IT,UK,2023-08-03 18:58:07,Evening,Juventus,Inter Miami,Chivasso moglie figlio,Icardi Wanda Nara,De Ketelaere,Ahn Bo-hyun,Heartstopper,Baldur's Gate 3,Tempesta Patricia,PSG,Chelsea  Borussia Dortmund,Lenglet,Thomas Ceccon,MONDIALI CICLISMO,Tornado,Perucetus colossus,Massimo Galimberti,MLS,Gianni Morandi,Oblio oncologico,2023,8
8621,8657,AUS,UK,2023-08-03 18:58:07,Evening,West Indies vs India,Powerball,Inter Miami,Ahn Bo Hyun,Netball World Cup,Justin Trudeau,South Korea vs Germany,Fenton and Fenton,Heartstopper Season 2,Juventus vs Real Madrid,Morocco vs Colombia,Jake Paul vs Nate Diaz,Roosters vs Manly,Brittany Higgins,The Lost Flowers of Alice Hart,Liverpool FC,MrBeast,Lottery,Nitin Desai,Touk Miller,2023,8
8623,8659,US,UK,2023-08-04 08:05:05,Morning,NFL,Altina Schinasi,Taylor Swift,Baldur's Gate 3,Meg 2,Jake Paul vs Nate Diaz,Amazon stock,Apple stock,Heartstopper,Lollapalooza,Rudy Giuliani,Taylor Swift Indianapolis,Tom Brady,MLS,Negasi Zuberi,DeMarcus Ware,Tori Spelling,Lincoln Lawyer Season 2,Super Mario Bros. Movie,Joe Thomas,2023,8
8624,8660,UK,UK,2023-08-04 08:05:05,Morning,Dan Wootton,Rishi Sunak,Kit Connor,Aaron Ramsdale,Wilko,Inter Miami,Bank of England base rate,Chelsea vs Dortmund,Tom Brady,Heartstopper,Baldur's Gate 3,Ahn Bo-hyun,Juventus vs Real Madrid,Netball World Cup 2023,Tino Livramento,Richard Osman,Will Smith,Jordan North,Michael Barrymore,Andy Murray,2023,8
8626,8662,DE,UK,2023-08-04 08:05:05,Morning,Baldur's Gate 3,Taylor Swift,Deutschland,Bürgergeld,Yves Rocher,Gran Canaria,Waldrapp,Sarna Röser,WM Frauen,Lizzo,Trump,Buffon,Liverpool,SV Werder Bremen,Wacken Open Air,Niger,Voyager 2,Wacken,Wacken Open Air,Penny,2023,8
8627,8663,FR,UK,2023-08-04 08:05:05,Morning,Altina Schinasi,Gilles Perrault,Luis Enrique,FC Annecy,James Blunt,OM,Juventus \u2013 Real Madrid,Disparition Emile incendie,Inter Miami,Baldur's Gate 3,Goncalo Ramos,LBD,Heartstopper,Taylor Swift,Jean-Charles Naouri,Mercantour,Pape François,Didier,Geneviève de Fontenay,Renaud,2023,8
8628,8664,NL,UK,2023-08-04 08:05:05,Morning,Hammarby  Twente,Ihattaren,Landelijke pinstoring,Diant Ramaj,Taylor Swift,Wormer,Psg,Johan Cruijff Schaal,Trump,Guardians of the Galaxy,Meghan Markle,Angus Cloud,Lizzo,Midsommar,Diant Ramaj,Niger,Henk Krol,Hoyte van Hoytema,PSV,Jake Paul,2023,8
8629,8665,IT,UK,2023-08-04 08:05:05,Morning,San Domenico,The legend of zorro,Meteo Milano domani,Inter Miami,Chivasso moglie figlio,Franco Battiato,Piero Fassino stipendio,De Ketelaere,ASTON VILLA-LAZIO,Previsioni meteo grandine,Deja vu film,Ahn Bo-hyun,Heartstopper,Il debito,Castrovilli,Olimpia Milano,Loredana Bertè,Baldur's Gate 3,The Core,Meteo tempesta Patricia,2023,8
8630,8666,AUS,UK,2023-08-04 08:05:05,Morning,Baldur's Gate 3,NFL,Delta Goodrem,Tori Spelling,Garma Festival,ACCC,Tim Tszyu,Morocco,Wyndham Championship,Mike Pence,Tom Brady,Powerball,Ahn Bo-hyun,Inter Miami,Netball World Cup,Justin Trudeau,John Farnham,Jake Paul vs Nate Diaz,Fenton and Fenton,Heartstopper,2023,8
8632,8668,US,UK,2023-08-04 18:58:04,Evening,Donald Trump,Celine Dion,Dolly Parton,Diana Taurasi,Simone Biles,Astros vs Yankees,Dorian Thompson-Robinson,Altina Schinasi,Jets vs Browns,Taylor Swift,Baldur's Gate 3,Meg 2,Jake Paul vs Nate Diaz,Amazon stock,Apple stock,GAS PRICES RISING,Heartstopper,Lollapalooza,Taylor Swift Indianapolis,Tom Brady,2023,8
8633,8669,UK,UK,2023-08-04 18:58:04,Evening,Meg 2,Celine Dion,Dan Wootton,Al-Nassr,Sheffield Wednesday,Mahek Bukhari,Georgie Grier,Rishi Sunak,ULEZ scrappage scheme,Eddie Izzard,Kit Connor,Aaron Ramsdale,Bobcat,Storm Antoni,Tyson Fury,Tulisa,NFL,Wilko,Inter Miami,Bank of England base rate,2023,8
8635,8671,DE,UK,2023-08-04 18:58:04,Evening,Hertha BSC,Unwetter Slowenien,FC Bayern München Harry Kane,Al Nassr,Großröhrsdorf,Will Smith,Baldur's Gate 3,Gran Canaria,Sängerin Lizzo,Yves Rocher,Bürgergeld,Sarna Röser,Andrew Tate,Fussball,WM Frauen,Lizzo,Trump,Buffon,Liverpool,Wacken Open Air,2023,8
8636,8672,FR,UK,2023-08-04 18:58:04,Evening,Altina Schinasi,Renaud,Laurence Boccolini,Celine Dion,MotoGP,Gilles Perrault,Thomas Voeckler,Luis Enrique,Enzo,France Ecosse rugby,Andrew Tate,Lac de Sainte-Croix,FC Annecy,Orly,FC Lorient,Perigueux,Pic du Midi,Disparition Emile incendie,Lomepal,Baldur's Gate 3,2023,8
8637,8673,NL,UK,2023-08-04 18:58:04,Evening,Noodweer slovenie,Riga FC,Andrew Tate,Bavette,Gerrit Kouwenaar,Ihattaren,Baldur's Gate 3,Wormer,Taylor Swift,Ahn Bo-hyun,Post Malone,Johan Cruijff Schaal,Trump,Guardians of the Galaxy,Meghan Markle,Angus Cloud,Lizzo,Midsommar,Diant Ramaj,Niger,2023,8
8638,8674,IT,UK,2023-08-04 18:58:04,Evening,Meteo Roma,Adrienne Vaughan,Alluvione Slovenia oggi,San Domenico,Marco Arduini,Allerta meteo,MotoGP,Kessie,Allerta meteo grandine,Koopmeiners,Beto,Milano Meteo,Albania,Meteo Senigallia,Andrew Tate,Grado,Will Smith,Assicurazione bici elettrica,Giuseppe Cruciani,Matteo.renzi,2023,8
8639,8675,AUS,UK,2023-08-04 18:58:04,Evening,MotoGP,Baldur's Gate 3,Bulldogs vs Richmond,Tony Bennett,Stiff person syndrome,Nate Diaz vs Jake Paul,Delta Goodrem,Wyndham Championship,Penrith Panthers,Australia cup,ACCC,Commonwealth Games,Tim Tszyu,Morocco,Mike Pence,Storm vs Panthers,Tom Brady,The Lincoln Lawyer,Federer,Powerball,2023,8
8641,8677,US,UK,2023-08-05 08:05:05,Morning,Kai Cenat,Mega Millions drawing,Breaking Bad,Pac-12,Dolly Parton,Donald Trump,Celine Dion,Johnny Manziel,Donny Osmond,Simone Biles,Diana Taurasi,SummerSlam 2023,International Beer Day,Steve McMichael,Astros vs Yankees,Kobe Bryant,Anthony Davis,Dorian Thompson-Robinson,Gilgo Beach killer,Chris Christie,2023,8
8642,8678,UK,UK,2023-08-05 08:05:05,Morning,Community Shield,Kai Cenat,Covid,Sheffield Wednesday vs Southampton,Layton Williams,Hector Salamanca,Meg 2,Celine Dion,Mahek Bukhari,Dan Wootton,Taika Waititi,Al-Nassr,Storm Antoni,Eddie Izzard,Messi,James McClean,Georgie Grier,ULEZ scrappage scheme,Rishi Sunak,Kit Connor,2023,8
8644,8680,DE,UK,2023-08-05 08:05:05,Morning,Gran Canaria,Normal People,Reutlingen,Unwetter Slowenien,Hertha BSC,Breaking Bad,Kane,Amazon aktie,Will Smith,Fußball heute,Baldur's Gate 3,Popp,Andrew Tate,Martina Voss-Tecklenburg,Bürgergeld,Sarna Röser,WM Frauen,Lizzo,Trump,Buffon,2023,8
8645,8681,FR,UK,2023-08-05 08:05:05,Morning,Dalida,Bayonne,Chimene Badi,Match rugby France ecosse,Intervention militaire au Niger,Navalny,Altina Schinasi,Laurence Boccolini,Breaking Bad,Celine Dion,Gilles Perrault,MotoGP,Enzo,Luis Enrique,Freddie Mercury,Andrew Tate,FC Lorient,France Ecosse Rugby,Pic du Midi,Lac de Sainte-Croix,2023,8
8646,8682,NL,UK,2023-08-05 08:05:05,Morning,Sam Smith,Joran van der Sloot,Navalny,Slovenie,Pieter Pot,NAC,Bavette,NEC,Feyenoord,Ihattaren,Baldur's Gate 3,Wormer,Post Malone,Trump,Guardians of the Galaxy,Meghan Markle,Angus Cloud,Lizzo,Midsommar,Diant Ramaj,2023,8
8647,8683,IT,UK,2023-08-05 08:05:05,Morning,Terremoto oggi,Balogun,Meghan Markle,American hustle,Riforma fiscale,Concita De Gregorio,Italbasket,Fontanelice,Idris,Alluvione Slovenia Oggi,Adrienne Vaughan,Hector Salamanca,Scamacca,Natan,Sommer,Eros Ramazzotti,MotoGP,Meteo Palermo,Marco Arduini,Rebecca Andrea Magni scomparsa,2023,8
8648,8684,AUS,UK,2023-08-05 08:05:05,Morning,Wallabies vs All Blacks,Breaking Bad,Cowboys vs Broncos,Kai Cenat,Andrew Tate,Reece Walsh,Switzerland vs Spain,MotoGP,Community Shield,Rugby World Cup,LIV Golf,Marlion Pickett,Nicholas Lowden death,Kobe Bryant,Jake Paul vs Nate Diaz,Baldur's Gate 3,The Lost Flowers of Alice Hart,Celine Dion,NFL,Western Bulldogs,2023,8
8650,8686,US,UK,2023-08-05 18:58:07,Evening,Manchester United,Noah Gragson,Trea Turner,Josh Sills,Mega Millions drawing,Kai Cenat,Breaking Bad,Dolly Parton,Donald Trump,Big Ten,SummerSlam 2023,Johnny Manziel,Simone Biles,Steve McMichael,Diana Taurasi,International Beer Day,Alvin Kamara,Gilgo Beach killer,Chris Christie,The Lost Flowers of Alice Hart,2023,8
8651,8687,UK,UK,2023-08-05 18:58:07,Evening,Man Utd,Man United vs Lens,Wales vs England,Celtic,Netball World Cup 2023,Rugby today,Wrexham vs MK Dons,Kai Cenat,Imran Khan,Dillian Whyte,Community Shield,Blackburn Rovers,Kilmarnock vs Rangers,Andy Murray,Newcastle vs Fiorentina,Middlesbrough vs Millwall,Derby County,LooseFest,Plymouth Argyle,Sheffield United,2023,8
8653,8689,DE,UK,2023-08-05 18:58:07,Evening,Dynamo Dresden,Kane,Hansa Rostock,Holstein Kiel,Lisa und Lena,Ecowas,Reutlingen,Unwetter Slowenien,Hertha BSC,Breaking Bad,Flugzeug,Fußball heute,Lufthansa Aktie,Popp,Andrew Tate,Martina Voss-Tecklenburg,Sarna Röser,DFB,Fußball,WM Frauen,2023,8
8654,8690,FR,UK,2023-08-05 18:58:07,Evening,Manchester United \u2013 Lens,Ligue 2,Helene Carrere d'Encausse,Bayonne,Cyril Féraud,Portbou,Intervention militaire au Niger,Juan Branco,Japon Norvège,Le Puy du Fou,Vianney,Dominic Thiem,Navalny,Ille-et-Vilaine,Chine,France Ecosse,Breaking Bad,Jarry,MotoGP,Gilles Perrault,2023,8
8655,8691,NL,UK,2023-08-05 18:58:07,Evening,Sam Smith,Joran van der Sloot,FC Utrecht,Schietpartij Den Helder,Pride,Navalny,Feyenoord,Slovenie noodweer,Mona Keijzer,NAC,NEC,Gerrit Kouwenaar,Feyenoord-PSV,Ihattaren,Post Malone,Trump,Guardians of the Galaxy,Meghan Markle,Angus Cloud,Lizzo,2023,8
8656,8692,IT,UK,2023-08-05 18:58:07,Evening,Scamacca,Terremoto oggi,Manchester United-Lens,Catanzaro-Foggia,Balogun,Mondiali ciclismo,Marmolada,Kai Cenat,Newcastle-Fiorentina,Coober Pedy,Concita De Gregorio,Manchester United,Ecowas,Riforma fiscale,Dwayne Johnson,Covid,Fatima,Meghan Markle,American hustle,Stromboli,2023,8
8657,8693,AUS,UK,2023-08-05 18:58:07,Evening,Netball World Cup,Wallabies vs All Blacks,Hawthorn vs Collingwood,Breaking Bad,Manchester United,Kai Cenat,Andrew Tate,Reece Walsh,Switzerland vs Spain,Broncos,Imran Khan,MotoGP,Community Shield,Sticky Fingers,Rugby World Cup,LIV Golf,Taika Waititi,Marlion Pickett,SummerSlam 2023,Nicholas Lowden death,2023,8
8659,8695,US,UK,2023-08-06 08:05:06,Morning,One Piece,Jake Paul vs Nate Diaz,Noah Gragson,Women World Cup,Wordle hint,Jamie Foxx,Too much water,Zach Thomas,Manchester United,Trea Turner,Netherlands vs South Africa,Charles Ogletree,Mega Millions drawing,Kai Cenat,Breaking Bad,SummerSlam 2023,Simone Biles,Donald Trump,Pac-12 news,Steve McMichael,2023,8
8660,8696,UK,UK,2023-08-06 08:05:06,Morning,Ian Watkins,Jamie Foxx,Wordle hint,Joe Pasquale,Bristol Rovers,Wales vs England,Man Utd,Man United vs Lens,Rangers,Netball World Cup 2023,Celtic,Wrexham,Newcastle United,Community Shield,Imran Khan,Dillian Whyte,Kai Cenat,Scotland v France,SummerSlam 2023,Plymouth Argyle,2023,8
8662,8698,DE,UK,2023-08-06 08:05:06,Morning,Schalke,Dynamo Dresden,SummerSlam 2023,Eintracht Frankfurt,Nate Diaz,Reutlingen,Slowenien,Hertha BSC,Flugzeug,Fußball heute,Lufthansa Aktie,Popp,Andrew Tate,Martina Voss-Tecklenburg,Sarna Röser,DFB,Fußball,WM Frauen,Lizzo,Trump,2023,8
8663,8699,FR,UK,2023-08-06 08:05:06,Morning,Avocat Juan Branco senegal,Explosion Paris 18,Manchester United \u2013 Lens,Helene carrere d'Encausse,Ligue 2,Jake Paul Nate Diaz,Jango Edwards,Cyril Féraud,Championnat du monde cyclisme,Portbou,Bayonne,Granville,Intervention militaire au Niger,Le Puy du Fou,Noah,Paris FC \u2013 Caen,Ille-et-Vilaine,Dominic Thiem,Navalny,Chine,2023,8
8664,8700,NL,UK,2023-08-06 08:05:06,Morning,WK,AZ,Kudus,Georgie,Schietpartij Den Helder,Pride,PEC Zwolle,Navalny,Canal pride Amsterdam,Feyenoord,Jake Paul Nate Diaz,Slovenie,NAC,NEC,Gerrit Kouwenaar,Feyenoord-PSV,Post Malone,Trump,Guardians of the Galaxy,Meghan Markle,2023,8
8665,8701,IT,UK,2023-08-06 08:05:06,Morning,Castrovilli,Tom Cruise,Premier League,Salernitana-Augsburg,Traffico in tempo reale,Wolfsburg  Sassuolo,CLASSIFICA MOTOGP,Threads,Chiara Gamberale,Febbre del Nilo,Scamacca,Newcastle-Fiorentina,Catanzaro-Foggia,Terremoto oggi,Mondiali ciclismo,Manchester United-Lens,Balogun,Marmolada,Kai Cenat,E.T,2023,8
8666,8702,AUS,UK,2023-08-06 08:05:06,Morning,Netball World Cup,Earthquake Perth,Russell Island,Earthquake,Friendship Day 2023,Wrexham,Amanda Serrano,Jamie Foxx,Simone Biles,Cory Sandhagen,Jake Paul vs Nate Diaz,Hawthorn vs Collingwood,Wallabies vs All Blacks,Breaking Bad,Manchester United,Wallabies,Kai Cenat,SummerSlam 2023,Netherlands vs South Africa,Andrew Tate,2023,8
8668,8704,US,UK,2023-08-06 18:58:06,Evening,Arsenal vs Man City,One Piece,Ian Watkins,Jake Paul vs Nate Diaz,USA vs Sweden,SummerSlam 2023 Results,Simone Biles,Noah Gragson,Wordle hint,Harvard Law professor Charles Ogletree,Jamie Foxx,Too much water,Zach Thomas,Manchester United,Netherlands vs South Africa,Mega Millions drawing,Kai Cenat,Breaking Bad,Big Ten,Donald Trump,2023,8
8669,8705,UK,UK,2023-08-06 18:58:06,Evening,Leeds United,Ian Watkins,Man United vs Athletic Club,Leicester City,Tottenham vs Shakhtar Donetsk,Megan Rapinoe,Sunderland,Newcastle United,Crooked House pub,ITV,Al Nassr,Newcastle,Hibs,Jamie Foxx,Pep Guardiola,Joe Pasquale,Lionel Messi Inter Miami,Declan Rice,Bristol Rovers,Arsenal vs Man City,2023,8
8671,8707,DE,UK,2023-08-06 18:58:06,Evening,BVB,Schalke,HSV,Arsenal,Rapinoe,Schweden - USA,Hannover 96,Hiroshima,Papst Franziskus,Rad-WM,Sharon Farrell,Roland Kaiser,SummerSlam 2023,Wacken 2024,Eintracht Frankfurt,RB Leipzig,1. FC Köln,DTM,Reutlingen,Slowenien,2023,8
8672,8708,FR,UK,2023-08-06 18:58:06,Evening,Arsenal \u2013 Manchester City,Luna Park,Suede Etats-Unis,France Ecosse rugby,JMJ,JDD,Avocat Juan Branco senegal,Nigeria intervention militaire au Niger,Thomas Voeckler,Limoges,Rognac,Hiroshima,Simone Biles,Helene Carrere d'Encausse,Manchester United \u2013 Lens,Championnat du monde cyclisme,Ligue 2,Jake Paul Nate Diaz,Jango Edwards,Portbou,2023,8
8673,8709,NL,UK,2023-08-06 18:58:06,Evening,Ajax,Mathieu van der Poel,Zweden Verenigde Staten,WK,Arsenal,Daphne van Domselaar,WK voetbal,AZ,Lieke Martens,Boekenmarkt Deventer,Griekspoor,Koos Moerenhout,Wielrennen WK,Jake Paul,Ajax Dortmund,Canal Pride Amsterdam,Pride,PEC Zwolle,NEC,Gerrit Kouwenaar,2023,8
8674,8710,IT,UK,2023-08-06 18:58:06,Evening,Arsenal-Manchester City,Van der Poel,Napoli-Augsburg,Marcello De Angelis,Incendi Sardegna,Castrovilli,Giorgia Meloni news,Goretzka,"BENTO, PORTIERE Inter",Rovereto,Cristina Guerra,I Soliti Ignoti,SALERNITANA-AUGSBURG,Ibanez,Matic,Tottenham  Shakhtar Donetsk,Premier League,Jake Paul,Wolfsburg  Sassuolo,Hiroshima,2023,8
8675,8711,AUS,UK,2023-08-06 18:58:06,Evening,Tottenham vs Shakhtar Donetsk,Man United vs Athletic Club,Leeds United,Sweden vs USA,Netball World Cup,Russell Island,Earthquake Perth,St Kilda vs Carlton,Netherlands vs South Africa,North Melbourne vs Melbourne,The Voice,Fremantle Dockers,Australia vs Denmark,Earthquake,Parramatta Eels,Amanda Serrano,Tyson Fury,Wrexham,One Piece,Simone Biles,2023,8
8677,8713,US,UK,2023-08-07 08:05:05,Morning,Inter Miami,Arsenal vs Man City,Tim Anderson Jose Ramirez,Ian Watkins,Lyme disease,LIV Golf,Cleveland Guardians,Al Nassr,Montgomery Riverfront brawl,Jimmy Garoppolo,One Piece,Erik Karlsson,Jake Paul vs Nate Diaz,USWNT,Simone Biles,Noah Gragson,Harvard Law professor Charles Ogletree,Jamie Foxx,Netherlands vs South Africa,Cory Sandhagen,2023,8
8678,8714,UK,UK,2023-08-07 08:05:05,Morning,Leeds United,Ian Watkins,Man United vs Athletic Club,Leicester City,Megan Rapinoe,Sunderland,Inter Miami,Tottenham vs Shakhtar Donetsk,Newcastle United,Crooked House pub,India vs West Indies,England vs Nigeria,Love Island reunion,Al-Nassr,Richard Branson,WWE,Lyme disease,Ghostbusters,Declan Rice,Hibs,2023,8
8680,8716,DE,UK,2023-08-07 08:05:05,Morning,Schalke,HSV,BVB,Arsenal,Jochen Goetz,Hannover 96,Rapinoe,Hiroshima,Papst Franziskus,Mathieu van der Poel,Simone Biles,SummerSlam 2023,Eintracht Frankfurt,DTM,Reutlingen,Slowenien,Herthabsc,Flugzeug,Fußball heute,Lufthansa Aktie,2023,8
8681,8717,FR,UK,2023-08-07 08:05:05,Morning,Inter Miami,Céline Boutier Scottish Open,Niger actualités,Arsenal \u2013 Manchester City,Luna Park,Megalodon,Suede Etats-Unis,Jason Statham,Al-Nassr,JDD,Limoges,JMJ,Festival Interceltique de Lorient,Rognac,Emmanuel Macron,David Guetta,Coco Gauff,Tottenham,Hiroshima,Simone Biles,2023,8
8682,8718,NL,UK,2023-08-07 08:05:05,Morning,Ellemieke Vermolen,Mathieu van der Poel,Ajax,Arsenal,Zweden Verenigde Staten,WK,Daphne van Domselaar,AZ,Griekspoor,Van Domselaar,Voetbal,Wielrennen WK,Jake Paul,Ajax Dortmund,Pride,PEC Zwolle,NEC,Gerrit Kouwenaar,Feyenoord-PSV,Post Malone,2023,8
8683,8719,IT,UK,2023-08-07 08:05:05,Morning,Inter Miami,Tananai,Cesena  Entella,Lazio,Marianna Ricciardi medico,Alfa,MotoGP Oggi,Arsenal-Manchester City,Incendi Sardegna,NAPOLI-AUGSBURG,Van der Poel,Marcello De Angelis,Luca Ruffino,Ibanez,Giorgia Meloni news,Osimhen,Goretzka,Rovereto,Malattia di Lyme,Il diritto di contare,2023,8
8684,8720,AUS,UK,2023-08-07 08:05:05,Morning,Arsenal vs MAN CITY,Inter Miami,Tottenham,Lyme disease,England vs Nigeria,Brook,MLS,Al-Nassr,Ekka,Leeds United,Matildas game,Jonas Brothers,Rebel Wilson,Wyndham Golf,Jake Paul vs Nate Diaz,Sweden vs USA,Netball World Cup,Russell Island,John Farnham,Australia vs Denmark,2023,8
8686,8722,US,UK,2023-08-07 18:58:06,Evening,England vs Nigeria,NASCAR race,Inter Miami,Montgomery riverfront brawl,Arsenal,Wyndham Championship,Lyme disease,Ian Watkins,Justin Thomas,Carson Wentz,Erik Karlsson,Bryson DeChambeau,Jake Paul vs Nate Diaz,USWNT,Simone Biles,Jose Ramirez,Noah Gragson,Harvard Law professor Charles Ogletree,Jamie Foxx,Netherlands vs South Africa,2023,8
8687,8723,UK,UK,2023-08-07 18:58:06,Evening,Liverpool vs Darmstadt,Ascension Island,Australia vs Denmark,Mary Earps,Bayern vs Monaco,Bibby Stockholm,Sarina Wiegman,Shirley Ballas,MLS,Red Dead Redemption,Edson Alvarez,England vs Nigeria,Arsenal vs Man City,Arsenal,Ian Watkins,Leeds United,Man United vs Athletic Club,Inter Miami,Tottenham,Leicester City,2023,8
8689,8725,DE,UK,2023-08-07 18:58:06,Evening,Bayern gegen Monaco,Hitzewelle,Inter Miami,Messi,RTL,Annalena Baerbock,Slowenien,Jochen Goetz,HSV,Tim Mälzer,Arsenal,Megan Rapinoe,Borussia Dortmund,FCM,Mathieu van der Poel,SummerSlam 2023,Reutlingen,Slowenien,Herthabsc,Flugzeug,2023,8
8690,8726,FR,UK,2023-08-07 18:58:06,Evening,Inter Miami,Laurent Ruquier,Bayern \u2013 Monaco,Angleterre-Nigeria,Dalida,Mort Hélène Carrère d'Encausse,Burkina Faso,Goncalo Ramos,Civitas,Pezenas,Forbach,Pierre Niney,Sabrina Agresti-Roubache,Petit Émile disparition,Greta Gerwig,FC Lorient,Tous en cuisine,Niger actualités,Saint-Suliac,Céline Boutier Scottish Open,2023,8
8691,8727,NL,UK,2023-08-07 18:58:06,Evening,Inter Miami,Engeland Nigeria,Sjoerd Sjoerdsma,PSV Sturm Graz,Leontien van Moorsel,Ludogorets,Jango Edwards,Lars Veldwijk,Mathieu van der Poel,Jakov Medic,Rapinoe,Daphne van Domselaar,Griekspoor,Van Domselaar,Pogacar,Ajax,WK wielrennen,Jake Paul,Pride,PEC Zwolle,2023,8
8692,8728,IT,UK,2023-08-07 18:58:06,Evening,Inter Miami,Travis Scott,Sommer,Napoli,Marianna Ricciardi medico,Isaksen,Trofeo Berlusconi,Manchester City,Facundo Gonzalez,Cesena Entella,Michele Placido,Elodie,Serie C,Pogba,News scuola,Alfa,Lecce calcio,San Donato,Ascoli Piceno,William Friedkin,2023,8
8693,8729,AUS,UK,2023-08-07 18:58:06,Evening,England vs Nigeria,Arsenal vs Man City,Inter Miami,Lyme disease,Tottenham,Brook,KPMG,France vs Morocco,IRUKANDJI,Leicester City,Rebel Wilson,Wyndham Golf,Bryson DeChambeau,Australia vs Denmark,Jake Paul vs Nate Diaz,Netball World Cup,Megan Rapinoe,Russell Island,The Block 2023,Death Cap mushroom,2023,8
8695,8731,US,UK,2023-08-08 08:05:05,Morning,ALS,Kanye West Bianca Censori,Tory Lanez,William Friedkin,England vs Nigeria,Red Dead Redemption,Tornado,Liverpool,Kevin Brown Orioles,Inter Miami,Montgomery riverfront brawl,Arsenal vs Man City,Lyme disease,Justin Thomas,Carson Wentz,Erik Karlsson,Bryson DeChambeau,Jake Paul vs Nate Diaz,USWNT,Simone Biles,2023,8
8696,8732,UK,UK,2023-08-08 08:05:05,Morning,ALS,Liverpool vs Darmstadt,Inter Miami,Liverpool,Liverpool FC,Ascension Island,Australia vs Denmark,Mary Earps,Niger,William Friedkin,Aonach Eagach ridge,Nick Owen,Robert Black,Red Dead Redemption,Zara McDermott,Bibby Stockholm,Neymar,Harry Maguire,Edson Alvarez,Shirley Ballas,2023,8
8698,8734,DE,UK,2023-08-08 08:05:05,Morning,Bryan Randall,Neymar,Ed Swillms,FC Bayern München,Bayern,Jakobskreuzkraut,Red Dead Redemption,Liverpool,Annalena Baerbock,Thomas Gottschalk,BVB,Jochen Goetz,Arsenal,KSC,FCM,SummerSlam 2023,Reutlingen,Slowenien,Herthabsc,Flugzeug,2023,8
8699,8735,FR,UK,2023-08-08 08:05:05,Morning,Bryan Randall,Mouches noires Espagne,Rain Man,MLS,France-Maroc,Bayern \u2013 Monaco,Inter Miami,Angleterre Nigeria,Pierre Niney,Civitas,Pau FC \u2013 Bordeaux,Dalida,Goncalo Ramos,Forbach,Petit Émile disparition,William Friedkin,Mort Hélène Carrère d'Encausse,Burkina Faso,Pezenas,Niger actualités,2023,8
8700,8736,NL,UK,2023-08-08 08:05:05,Morning,Lavreysen,PSV - Sturm Graz,Leontien van Moorsel,Jango Edwards,Mathieu van der Poel,Ajax,Jutta Leerdam,Rapinoe,Wielrennen WK,Ajax,WK wielrennen,Jake Paul,Pride,PEC Zwolle,NEC,Gerrit Kouwenaar,Feyenoord-PSV,Post Malone,Trump,Guardians of the Galaxy,2023,8
8701,8737,IT,UK,2023-08-08 08:05:05,Morning,Bryan Randall,Zapata,San Domenico,Amaurys Perez,"A Wong Foo, grazie di tutto! Julie Newmar",Mario Rui,Matteo Napoletano,Travis Scott,Inter Miami,Sommer,Flashdance,Bayern Monaco  Monaco,Marianna Ricciardi medico,Trofeo Berlusconi,Isaksen,Mirko Giansanti,William Friedkin,Filippo Ganna Mondiali ciclismo,Facundo Gonzalez,Manchester City,2023,8
8702,8738,AUS,UK,2023-08-08 08:05:05,Morning,ALS,Meteor Melbourne,William Friedkin,Red Dead Redemption,International Cat Day,Meteor shower,Dark and Darker,Luke Shuey,Hunted Australia,Lion's Gate Portal,Earthquake,Andrew Phillips,Pansexual,Only Murders in the Building,FIBA World Cup,USA vs Puerto Rico,Mite,Vivek Ramaswamy,England vs Nigeria,Arsenal vs Man City,2023,8
8704,8740,US,UK,2023-08-08 18:58:05,Evening,Colombia vs Jamaica,International Cat Day,Mega Millions drawing tonight,Teddy Bridgewater,Ciara,Noah Schnapp,Barcelona vs Tottenham,ALS,Tory Lanez,William Friedkin,Issue 1 Ohio,England vs Nigeria,Dark and Darker,Tornado,Kevin Brown Orioles,Trevor Lawrence,Montgomery Riverfront brawl,Inter Miami,Wyndham Championship,Lyme disease,2023,8
8705,8741,UK,UK,2023-08-08 18:58:05,Evening,DJ Casper,Robert Helenius,Sinead O'Connor cause of death,Barcelona vs Tottenham,How Did Sinead O'Connor die,Colombia vs Jamaica,Simon Jordan,France vs Morocco,International Cat Day,British Museum,Nkunku,Only Murders in the Building,Tory Lanez,Tino Livramento,ALS,England,Liverpool vs Darmstadt,Inter Miami,Liverpool,Ascension Island,2023,8
8707,8743,DE,UK,2023-08-08 18:58:05,Evening,Bryan Randall,ALS,Frankreich gegen Marokko,TSMC,William Friedkin,Neymar,Weltkatzentag 2023,Thomas Gottschalk,RTL,Red Dead Redemption,Bayern,Karat,Senne Lynen,Liverpool,KSC,FCM,SummerSlam 2023,Reutlingen,Slowenien,Herthabsc,2023,8
8708,8744,FR,UK,2023-08-08 18:58:05,Evening,Bryan Randall,Nouveau variant covid Eris symptomes,Mouches noires Espagne,Missa disparu jet-ski,Affaire Emile disparition,Bahamontes,Kenza Dali,Jean-Michel Leulliot,Monfils,Rain Man,Wilson Isidor,Journée internationale du chat,Lacanau,Femme séquestrée,France-Maroc,Bayern \u2013 Monaco,Civitas,Neymar,Angleterre-Nigeria,William Friedkin,2023,8
8709,8745,NL,UK,2023-08-08 18:58:05,Evening,Thijs Römer,Bryan Randall,THC,Als,PSV,Lavreysen,Storm Hans,Leontien van Moorsel,Nigeria,Jango Edwards,Mathieu van der Poel,Ajax,Ajax,WK wielrennen,Jake Paul,Pride,PEC Zwolle,NEC,Gerrit Kouwenaar,Feyenoord-PSV,2023,8
8710,8746,IT,UK,2023-08-08 18:58:05,Evening,Bryan Randall,Tassazione extraprofitti banche,Giornata Mondiale del gatto,Zapata,San Domenico,Barcellona-Tottenham,Matteo Messina Denaro,Tanganga,Galleria Vittorio Emanuele,Fuori dal coro,Funerali Sinead O'Connor,Iniesta,Orso,Nkunku,Only Murders in the Building,"A Wong Foo, grazie di tutto! Julie Newmar",Guendouzi,Khephren Thuram,Michele Morrone,Marvel Snap,2023,8
8711,8747,AUS,UK,2023-08-08 18:58:05,Evening,Jujutsu Kaisen,Pokemon Presents,Kylian mbappé,ALS,Sam Kerr,Meteor Melbourne,Death cap mushroom,Meteor,Only Murders in the Building,Pansexual,International Cat Day,William Friedkin,Luke Shuey,Red Dead Redemption,Andrew Phillips,Hunted Australia,Below Deck Down Under,Earthquake,Spider-Man: Across the Spider-Verse,FIBA World Cup,2023,8
8713,8749,US,UK,2023-08-09 08:05:02,Morning,Mega Millions drawing tonight,Only Murders in the Building,Barstool Sports,Barcelona,International Cat Day,America vs Nashville,Colombia vs Jamaica,Wegovy,Aaron Rodgers,Kareem Hunt,Teddy Bridgewater,Nick Cannon,France vs Morocco,Russell Wilson,Bryan Randall,Ohio Issue 1,Tory Lanez,Alabama brawl,Kanye West Bianca Censori,William Friedkin,2023,8
8714,8750,UK,UK,2023-08-09 08:05:02,Morning,Sunderland,Below Deck Down Under,Hull City,Barcelona vs Tottenham,Sinead O'Connor,DJ Casper,Tottenham,Wrexham vs Wigan Athletic,Robert Helenius,Tory Lanez,Ouzy,Carabao Cup,Wolves,Simon Jordan,Stoke City vs West Brom,Gillingham vs Southampton,International Cat Day,Andy Murray,France vs Morocco,Only Murders in the Building,2023,8
8716,8752,DE,UK,2023-08-09 08:05:02,Morning,Zverev,Bryan Randall,Galatasaray,Als,TSMC,Istrien,William Friedkin,Als erkrankung,Thomas Gottschalk,Sturmflut Hamburg,Liverpool,Darmstadt 98,KSC,FCM,SummerSlam 2023,Reutlingen,Slowenien,Herthabsc,Flugzeug,Fußball heute,2023,8
8717,8753,FR,UK,2023-08-09 08:05:02,Morning,Tory Lanez,Julie Pietri,Bryan Randall,Mouches noires Espagne,Affaire Emile disparition,Foot feminin,Bahamontes,Missa disparu jet-ski,Jean-Michel Leulliot,Barca Tottenham,Nouveau variant Covid Eris,Journée internationale du chat,Galatasaray,Monfils,Lacanau,Only Murders in the Building,France-Maroc,Neymar,Civitas,Pierre Niney,2023,8
8718,8754,NL,UK,2023-08-09 08:05:02,Morning,Tory Lanez,Bahamontes,Jan-Willem van Schip,Thijs Römer,THC,Jeffrey Hoogland,Noorwegen,Als,PSV,Liverpool,Jango Edwards,Mathieu van der Poel,Ajax,Ajax,WK wielrennen,Jake Paul,Pride,PEC Zwolle,Slovenie noodweer,NEC,2023,8
8719,8755,IT,UK,2023-08-09 08:05:02,Morning,Snakes on a plane,Pokemon,Azioni Unicredit,Casadei,Martina Taglienti,Bryan Randall,Sonego,Barcellona  Tottenham,Giornata internazionale del gatto,Tassazione extraprofitti banche,Previsioni meteo caldo africano,Funerali Sinead O'Connor,Matteo Messina Denaro,San Domenico,Zapata,Momenti di trascurabile felicità,Horizon Line,Tanganga,Balotelli,Galleria Vittorio Emanuele,2023,8
8720,8756,AUS,UK,2023-08-09 08:05:02,Morning,Tory Lanez,Barcelona vs Tottenham,Tottenham,Lyme,Australia vs France,Beyond The Valley,Pokemon Presents,The Lakes golf club,Johnny Manziel,Jujutsu Kaisen,Caroline Kennedy,Covid variant Eris Australia,Zombieverse,ALS,Meteor Melbourne,Death cap mushroom,Meteor,Only Murders in the Building,Pansexual,International Cat Day,2023,8
8722,8758,US,UK,2023-08-09 18:58:02,Evening,Lil Tay,Maui Fire,Lyme,Al Nassr,Luke Bryan,Henry Ruggs,Credit card debt,Billy Porter,Mega Millions drawing tonight,DJ Casper,Only Murders in the Building,Ciara,Barcelona,International Cat Day,Dave Portnoy,Wegovy,Aaron Rodgers,Kareem Hunt,Below Deck Down Under,Noah Schnapp,2023,8
8723,8759,UK,UK,2023-08-09 18:58:02,Evening,Lil Tay,Harry Maguire,Hardeep Singh Kohli,Ross Barkley,Flying ants,Lucas Paqueta,Sunderland,Max Aarons,Benjamin Pavard,Below Deck Down Under,Hull City,Portugal fires,Wegovy,Reading FC,Barcelona vs Tottenham,Sinead O'Connor,Tory Lanez,Tottenham,DJ Casper,Wrexham vs Wigan Athletic,2023,8
8725,8761,DE,UK,2023-08-09 18:58:02,Evening,Jugendwort 2023,Tory Lanez,Benjamin Appl,Antifa Frankfurt,Zverev,NPC,Bryan Randall,Galatasaray,Als,TSMC,Istrien,William Friedkin,Afghanistan,Olaf Scholz,Als erkrankung,KSC,FCM,SummerSlam 2023,Reutlingen,Slowenien,2023,8
8726,8762,FR,UK,2023-08-09 18:58:02,Evening,Wintzenheim,Tory Lanez,Al-Nassr,Julie Pietri,Sixto Rodriguez,GTA 6,Lac du Salagou,Gran Turismo,Tottenham,Marseille Panathinaikos,Bryan Randall,Equipe de France feminine,Mouches noires Espagne,Cancer Caroline Receveur,Foot feminin,Bahamontes,Jean-Michel Leulliot,Barca,Nouveau variant Covid Eris,Journée internationale du chat,2023,8
8727,8763,NL,UK,2023-08-09 18:58:02,Evening,Lil Tay,Tory Lanez,Bart Nieuwkoop,Jan-Willem van Schip,Andre Rieu,Ciara,PSV,Thijs romer,Babadi,THC,Noorwegen,Als,PSV Sturm Graz,Liverpool,Mathieu van der Poel,Ajax,Ajax,WK wielrennen,Jake Paul,Pride,2023,8
8728,8764,IT,UK,2023-08-09 18:58:02,Evening,Milan-Trento in tv,Notte di San Lorenzo,Salisburgo-Inter,Facundo Gonzalez,Anticipazioni Terra Amara,Edith Stein,Al-Nassr,Juve A-Juve B,Tory Lanez,Casadei,Jens Cajuste Napoli,Snakes on a plane,Lil Tay,Soppy,Zaniolo,La foresta degli scomparsi,Paqueta,Martina Taglienti,Lamine Yamal,Pokemon,2023,8
8729,8765,AUS,UK,2023-08-09 18:58:02,Evening,Lil Tay,Rodriguez,Harry Maguire,Tory Lanez,Barcelona vs Tottenham,Australia vs France,Lyme,Johnny Manziel,The Lakes golf club,Wade Graham,Covid variant Eris Australia,Jonah Hill,Jujutsu Kaisen,Kylian Mbappé,Lloyd Langford,Zombieverse,ALS,Death cap mushroom,Meteor Melbourne,Morocco,2023,8
8731,8767,US,UK,2023-08-10 08:05:03,Morning,1989 (Taylor's Version,Maui Fire,Lil Tay,Robbie Robertson,Henry Ruggs,Fernando Villavicencio,Michael Lorenzen,Dianne Feinstein,Whitney Houston,Cedar Park Fire,Billy Porter,Disney stock,Sixto Rodriguez,Tory Lanez,Did anyone win Mega Millions,Only Murders in the Building,Aaron Rodgers,International Cat Day,Barcelona,PENN stock,2023,8
8732,8768,UK,UK,2023-08-10 08:05:03,Morning,Maui,Lil Tay,Rangers,Leeds United,Hardeep Singh Kohli,Harry Maguire,Burton vs Leicester City,Ruby Wax,Pavard,Ross Barkley,Terry Christian,Flying ants,Robbie Robertson,Lucas Paqueta,Doreen Mantle,Al Nassr,Ipswich Town,Dave Benson Phillips,Cardiff City,Max Aarons,2023,8
8734,8770,DE,UK,2023-08-10 08:05:03,Morning,Hawaii,Jugendwort des Jahres,Benjamin Appl,Atlas Fallen,Zverev,Antifa,Bryan Randall,TSMC,Istrien,William Friedkin,Afghanistan,Als erkrankung,Thomas Gottschalk,KSC,FCM,SummerSlam 2023,Reutlingen,Slowenien,Herthabsc,Flugzeug,2023,8
8735,8771,FR,UK,2023-08-10 08:05:03,Morning,Loto 9 aout 2023,Atlas Fallen,Inondations Norvège,Veronique Trillet-Lenoir,Wintzenheim,OM panathinaikos,Lil Tay,Tory Lanez,Sixto Rodriguez,Al-Nassr,Lomepal,Julie Pietri,GTA 6,Maui,France Lituanie basket,Lac du Salagou,Benfica,Gran Turismo,Pablo Escobar,Equipe de France feminine,2023,8
8736,8772,NL,UK,2023-08-10 08:05:03,Morning,Benfica,Robbie Robertson,Tory Lanez,Jan-Willem van Schip,Rangers,PSV,PSV Sturm Graz,Liverpool,Mathieu van der Poel,Ajax,WK wielrennen,Jake Paul,Ajax Dortmund,Pride,PEC Zwolle,Slovenie noodweer,NEC,Gerrit Kouwenaar,Feyenoord-PSV,Post Malone,2023,8
8737,8773,IT,UK,2023-08-10 08:05:03,Morning,CALCIOMERCATO Napoli Gabri Veiga,Hawaii,Putin,Robbie Robertson,Benfica  Porto,Notte di San Lorenzo,Trento calcio,Juve A-Juve B,Cristina Seymandi avvocato,Le regole della casa del sidro,La foresta degli scomparsi,Nomadi,Lil Tay,"Terra Amara, anticipazioni",Facundo Gonzalez,Al Nassr,Edith Stein,Sulla giostra,Tory Lanez,Lorenzo Milesi,2023,8
8738,8774,AUS,UK,2023-08-10 08:05:03,Morning,Lil Tay,Maui,Rodriguez,Taylor Swift,Robbie Robertson,Al Nassr,Isaac Smith,Trent Cotchin,Harry Maguire,Jailer,Wendy's Australia,1989 (Taylor's Version,Fernando Villavicencio,WeWork,Joe Biden,COVID variants Eris,Tory Lanez,Mushroom poisoning Victoria,Tottenham,Australia vs France,2023,8
8740,8776,US,UK,2023-08-10 18:58:03,Evening,Taylor Swift,CPI report,Ecuador assassination,Maui fire,Lil Tay,Robbie Robertson,Johnny Manziel,Fernando Villavicencio,Henry Ruggs,Michael Lorenzen,Karlie Kloss Taylor Swift,Dianne Feinstein,Disney stock,Tory Lanez,Mega Millions drawing tonight,Only Murders in the Building,Barstool Sports,Wegovy,Aaron Rodgers,Kareem Hunt,2023,8
8741,8777,UK,UK,2023-08-10 18:58:03,Evening,Maui,Taylor Swift,Moises Caicedo,Simon Carlyle,Jonnie Irwin,Jailer,Bristol Balloon Fiesta,Edson Alvarez,Harvester Littlehampton,Luton Town,Virgin Galactic,Fernando Villavicencio,Lil Tay,Rangers,Nigel Harman,Hardeep Singh Kohli,Harry Maguire,Robbie Robertson,Leeds United,Burton vs Leicester City,2023,8
8743,8779,DE,UK,2023-08-10 18:58:03,Evening,Hawaii,Nürburgring,Robbie Robertson,Brand Duisburg,K2,Ecuador,Sixto Rodriguez,Kane,Lil Tay,Atlas Fallen,Jugendwort des Jahres,Reinhard Mey,Antifa,Bryan Randall,TSMC,AfD CDU,William Friedkin,Afghanistan,Thomas Gottschalk,KSC,2023,8
8744,8780,FR,UK,2023-08-10 18:58:03,Evening,Incendie La Rochelle,Monfils,Fernando Villavicencio,Saint Laurent,Courtois,Nouveau variant Covid Eris,Inondations Norvège,Emmanuel Macron,Carlos Alcaraz,Atlas Fallen,Veronique Trillet-Lenoir,Robbie Robertson,Fete du Bruit Landerneau,Wintzenheim,OM Panathinaikos,Lil Tay,Hawaii,Sixto Rodriguez,Eden Hazard,Lomepal,2023,8
8745,8781,NL,UK,2023-08-10 18:58:03,Evening,AZ,Noorwegen,Twente - Riga FC,Ecuador,Chloe Dygert,Akpom,Demi Vollering,Robbie Robertson,Jan-Willem van Schip,Rangers,PSV,Noorwegen,PSV Sturm Graz,Liverpool,Mathieu van der Poel,Ajax,Ajax,WK wielrennen,Jake Paul,Pride,2023,8
8746,8782,IT,UK,2023-08-10 18:58:03,Evening,Inter,Hawaii,Arnautovic,Beltran,Robbie Robertson,Calciomercato Napoli Gabri Veiga,Kane,Ecuador,Lagana morto,Putin,Handanovic,Courtois,Santa Chiara,Alcaraz,Lucio Dalla,Galimberti,Benfica  Porto,Maignan,Verratti,Zakaria,2023,8
8747,8783,AUS,UK,2023-08-10 18:58:03,Evening,Lil Tay,Maui,Rodriguez,Taylor Swift,Robbie Robertson,Jailer review,Isaac Smith,Trent Cotchin,Al Nassr,Wendy's Australia,Fernando Villavicencio,Wallabies World Cup squad,Harry Maguire,Painkiller Netflix,Joe Biden,Wegovy,Penrith Panthers,Channel 10,Prithvi Shaw,Atlas Fallen,2023,8
8749,8785,US,UK,2023-08-11 08:05:03,Morning,Adam Sandler,Taylor Swift,Patriots,Seahawks,"Red, White and Royal Blue",The Last Voyage of the Demeter,Mike Pence,Spain vs Netherlands,CPI report,Dale Gribble,Phil Mickelson,Ecuador assassination,Baker Mayfield,Harry Styles,Clarence Thomas,Virgin Galactic,Atlas Fallen,Kyle Richards,Maui Fire,Lil Tay,2023,8
8750,8786,UK,UK,2023-08-11 08:05:03,Morning,James Arthur,"Red, White and Royal Blue",Dawn Ward,Kane,Moises Caicedo,Hawaii,Taylor Swift,Simon Carlyle,Nigel Harman,David de Gea,Fernando Villavicencio,Jailer,Painkiller Netflix,Virgin Galactic,Bristol Balloon Fiesta,Lavia,Harvester Littlehampton,Fred,Edson Alvarez,Luton Town,2023,8
8752,8788,DE,UK,2023-08-11 08:05:03,Morning,Ecowas,Hawaii,Matthias Schweighöfer,Fenerbahce,Nürburgring,K2,Robbie Robertson,Ecuador,Hund,Kane,Atlas Fallen,Jugendwort des Jahres,Reinhard Mey,Antifa,Bryan Randall,TSMC,AfD CDU,William Friedkin,Afghanistan,Thomas Gottschalk,2023,8
8753,8789,FR,UK,2023-08-11 08:05:03,Morning,Espagne Pays-Bas,Refus d'obtempérer Paris,Incendie La Rochelle,Fernando Villavicencio,Nouveau variant Covid Eris,Monfils,Courtois,Emmanuel Macron,Nuit des etoiles 2023,Atlas Fallen,Pauline Ferrand prevot,Robbie Robertson,Veronique Trillet-Lenoir,K2,Wintzenheim,Hawaii,Lil Tay,France Gall,Sixto Rodriguez,GTA 6,2023,8
8754,8790,NL,UK,2023-08-11 08:05:03,Morning,Vrouwenvoetbal,Nederland - Spanje,AZ,Twente  Riga FC,Maui,Ecuador,Vliegende mieren,Courtois,Robbie Robertson,PSV,Noorwegen,PSV Sturm Graz,Liverpool,Mathieu van der Poel,Ajax,WK wielrennen,Jake Paul,Ajax Dortmund,Pride,PEC Zwolle,2023,8
8755,8791,IT,UK,2023-08-11 08:05:03,Morning,Michela Murgia morta,Luca Ruffino,Padre Pio,Ecowas,Berrettini Sinner,Inter,Hawaii,Beltran,Arnautovic,Kane,Santa Chiara,Robbie Robertson,La battaglia di Hacksaw Ridge,Calciomercato Napoli Gabri Veiga,Lagana morto,Ecuador,Alcaraz,Courtois,Il barbiere di Siviglia,Equals,2023,8
8756,8792,AUS,UK,2023-08-11 08:05:03,Morning,Spain vs Netherlands,Moises Caicedo,"Red, White and Royal Blue",Japan vs Sweden,Johnny Depp,Cheng Lei,Keith David,Kim Jong Un,OMG 2,Kevin Rudd portrait,Lil Tay,Maui,Taylor Swift,Rodriguez,Kane,Robbie Robertson,Wallabies World Cup Squad,Matthew Cox Rockhampton,Jailer,Isaac Smith,2023,8
8758,8794,US,UK,2023-08-11 18:58:07,Evening,Premier League,Japan vs Sweden,Kelsea Ballerini,Adam Sandler,Olivia Rodrigo,Purdue Pharma,David Weiss,Taylor Swift,Patriots,Seahawks,"Red, White and Royal Blue",The Last Voyage of the Demeter,What caused Maui fires,Spain vs Netherlands,Heart of Stone,Mike Pence,Malik Cunningham,Kyle Richards,Phil Mickelson,Ecuador assassination,2023,8
8759,8795,UK,UK,2023-08-11 18:58:07,Evening,Premier League,Fantasy Premier League,Heart of Stone,Fantasy football,"Red, White and Royal Blue",Dawn Ward,Kevin Spacey,Legionella,Japan vs Sweden,England vs Colombia,M5 traffic,James Arthur,Nicola Sturgeon,Olivia Rodrigo,Alex Scott,Kane,Moises Caicedo,Hawaii,Nigel Harman,Harry Styles,2023,8
8761,8797,DE,UK,2023-08-11 18:58:07,Evening,DFB-Pokal,WM,Rammstein Till Lindemann,Fußball-WM,Premier League,Heart of Stone,Ecowas,Taurus,AnnenMayKantereit,Kane,Hawaii,K2,Robbie Robertson,Ecuador,Harry Kane FC Bayern München,Reinhard Mey,Bryan Randall,TSMC,AfD CDU,William Friedkin,2023,8
8762,8798,FR,UK,2023-08-11 18:58:07,Evening,Coupe du monde,Ligue 1,Kylian Mbappé PSG,Japon suede,Espagne Pays-Bas,Agent Stone,Premier League,Ben Yedder,Moises Caicedo,Obsèques Hélène Carrère d'Encausse,"Red, White and Royal Blue",Dany Boon,Chris Hemsworth,Michel Polnareff,Incendie La Rochelle,Fernando Villavicencio,Nouveau variant Covid Eris,Monfils,Courtois,Nuit des etoiles 2023,2023,8
8763,8799,NL,UK,2023-08-11 18:58:07,Evening,Eredivisie,FC Groningen,Albert Heijn Haarlem,Frans Timmermans,Vitesse,Volendam  Vitesse,Cambuur,Joshua Tarling,Expeditie Robinson,Nederland - Spanje,AZ,Maui,Hawaii,Ecuador,Robbie Robertson,PSV,Noorwegen,PSV Sturm Graz,Liverpool,Mathieu van der Poel,2023,8
8764,8800,IT,UK,2023-08-11 18:58:07,Evening,Michela Murgia morta,Udinese-Catanzaro,Moises Caicedo,Coppa Italia,Samardzic,Frosinone Calcio,Premier League,Taremi,Cronometro Mondiali,Napoli - Apollon,Mina,Joe Perrino,Padre Pio,Elon Musk,Luca Ruffino,Catanzaro calcio,Heart of Stone,Carlos Augusto,Ecowas,Lloris,2023,8
8765,8801,AUS,UK,2023-08-11 18:58:07,Evening,Adam Sandler,Women's World Cup,Collingwood vs Geelong,Spain vs Netherlands,Moises Caicedo,"Red, White and Royal Blue",Premier League,Broncos,Gadar 2,Death cap mushroom poisoning,Olivia Rodrigo,OMG 2,Faculty,Cheng Lei,Soccer,England vs Colombia,Andre Rieu,Kim Jong Un,Air India,Kyle Richards,2023,8
8767,8803,US,UK,2023-08-12 08:05:02,Morning,Inter Miami,Premier League,Packers,Steelers,Cleveland Browns,Meteor shower,Detroit Lions,Broncos,Heart of Stone,Miami Dolphins,David Foster,Olivia Rodrigo,Hunter Biden,Kelsea Ballerini,Caleb White,Fernando Valenzuela,Cooper Flagg,Giants,Sam Bankman-Fried,Purdue Pharma,2023,8
8768,8804,UK,UK,2023-08-12 08:05:02,Morning,Football Women's World Cup 2023,Inter Miami,Anthony Joshua,Kevin De Bruyne,Saudi Pro League,Premier League,Fantasy Premier League,World Cup,Heart of Stone,FOOTBALL TODAY,Fantasy football,England vs Colombia,Legionella,"Red, White and Royal Blue",The Reunion,Shirley Ballas,Gadar 2,Shrewsbury Flower Show,Olivia Rodrigo,Premier League Fantasy,2023,8
8770,8806,DE,UK,2023-08-12 08:05:02,Morning,Corona Impfschäden,DFB-Pokal,DFB-Pokal,Taurus-Marschflugkörper,DFB,Sternschnuppen,Dieter Thomas Kuhn,Manchester City,Ecowas,Sandhausen,Hunter Biden,Gladbach,Kane,Hawaii,K2,Ecuador,Joe Biden,Harry Kane FC Bayern München,Reinhard Mey,Bryan Randall,2023,8
8771,8807,FR,UK,2023-08-12 08:05:02,Morning,Inter Miami,Vague de chaleur,EuroMillion 11 aout 2023,Lisieux,Ahmed Sylla,Coupe du monde féminine de football 2023,Ligue 1,Burnley \u2013 Manchester City,Agent Stone,Kylian Mbappé PSG,Obsèques Hélène Carrère d'Encausse,Ben Yedder,Espagne Pays-Bas,National,Liga,"Red, White and Royal Blue",Amir,PSG Lorient,Cherbourg,Medine,2023,8
8772,8808,NL,UK,2023-08-12 08:05:02,Morning,Inter Miami,Eredivisie,Vitesse,FC Groningen,WK,Jeroen Pauw,Manchester City,Graafschap,Natascha Kampusch,Roda JC,Voetbal,Expeditie Robinson,AZ,Maui,Ecuador,Robbie Robertson,PSV,Noorwegen,PSV Sturm Graz,Liverpool,2023,8
8773,8809,IT,UK,2023-08-12 08:05:02,Morning,Santa Chiara,Inter Miami,Choupo-Moting,Habib Diarra,La Conseguenza trama,Risultati Coppa Italia,Starlink,Hulk Hogan,Gregory Peck,Juventus-Atalanta,Chris Hemsworth,Modica,Monte Bianco,Michela Murgia morta,Coppa Italia,Premier League,BOLOGNA-CESENA,Udinese-Catanzaro,Moises Caicedo,Ganna,2023,8
8774,8810,AUS,UK,2023-08-12 08:05:02,Morning,Matildas,Inter Miami,Chris Hemsworth,Bryce Hall,Purdue Pharma,Epl Fantasy,Meteor shower,Kevin Costner,Football Women's World Cup 2023,World Cup,Premier League,Collingwood vs Geelong,Moises Caicedo,"Red, White and Royal Blue",Heart of Stone,Death cap mushroom poisoning,England vs Colombia,Olivia Rodrigo,Sam Pang,Soccer,2023,8
8776,8812,US,UK,2023-08-12 18:58:03,Evening,Arsenal,Chicago Bears,England vs Colombia,Bayern Munich,Australia vs France,Buffalo Bills,Cowboys,Al-hilal vs al-nassr,Premier League,Inter Miami,Packers,Meteor shower,Steelers,Cleveland Browns,Morgan Wallen,Broncos,Detroit Lions,Miami Dolphins,David Foster,Hunter Biden,2023,8
8777,8813,UK,UK,2023-08-12 18:58:03,Evening,Newcastle vs Aston Villa,Anthony Joshua,Bayern Munich,Inter Miami,Australia vs France,Leeds United,Leigh Leopards,Brighton vs Luton Town,ITV,Al Nassr,Bournemouth vs West Ham,TNT Sports,Everton vs Fulham,Rangers vs Livingston,Al-hilal vs al-nassr,Ipswich Town,Huddersfield vs Leicester City,Women's World Cup results,Sheffield United vs Crystal Palace,West Indies vs India,2023,8
8779,8815,DE,UK,2023-08-12 18:58:03,Evening,Werder Bremen,Frankreich Australien,FC Bayern München Harry Kane,Arsenal,Krim-Brücke,Carl Zeiss Jena,DFB-Pokal,Supercup,Schalke,DFB-Pokal Live,Sternschnuppen,DFB,Manchester City,Hunter Biden,Taurus,Kane,Hawaii,K2,Ecuador,Joe Biden,2023,8
8780,8816,FR,UK,2023-08-12 18:58:03,Evening,Arsenal \u2013 nottm Forest,Rodez \u2013 Saint-Étienne,Angleterre Colombie,Inter Miami,Al-Nassr,Lisieux,Tour Eiffel,Vague de chaleur,Vigilance orange canicule,Ahmed Sylla,Axel Laurance,Ousmane dembele,Elon Musk,Dimitri Payet,Tony Parker,Fantasy Island,Bayern Munich,Carrie Underwood,Afrique du Sud,Guatemala,2023,8
8781,8817,NL,UK,2023-08-12 18:58:03,Evening,PSV  Utrecht,Ajax,Loveland,Arsenal,Mathieu van der Poel,Puck Pieterse,La Liga,Bayern munchen,Hunter Biden,Eredivisie,FC Groningen,Cambuur,WK,Vitesse,Joshua Tarling,Voetbal,ADO Den Haag,Expeditie Robinson,AZ,Maui,2023,8
8782,8818,IT,UK,2023-08-12 18:58:03,Evening,Juventus-Atalanta,Al Hilal  Al-Nassr,Santa Chiara,Arsenal-Nottingham Forest,Bari-Parma,Zapata,Newcastle,Inter Miami,Inter Miami  Charlotte FC,Choupo-Moting,Matic,Cnel cos'è,Boateng,Habib Diarra,Sherpa,Monopoli,Tour Eiffel,Sant'Anna di Stazzema,De Minaur,Coppa Italia tabellone,2023,8
8783,8819,AUS,UK,2023-08-12 18:58:03,Evening,Al Nassr,West Indies vs India,Fremantle Dockers,Leeds United,Inter Miami,Burnley vs Man City,Sydney vs Gold Coast,North Melbourne vs Essendon,Carlton,Chris Hemsworth,Meteor shower,Morgan Wallen,Geelong,Anthony Joshua,Kevin Costner,Football Women's World Cup 2023,World Cup,Premier League,Collingwood vs Geelong,Moises Caicedo,2023,8
8785,8821,US,UK,2023-08-13 08:05:02,Morning,Dallas Cowboys,Eagles,Real Madrid,Al Nassr,Bayern Munich,Carolina Panthers,Buffalo Bills,England vs Colombia,Chicago Bears,Tom Jones,Chargers,PSG,Australia vs France,Newcastle vs Aston Villa,Oscar Valdez,Dwyane Wade,Ammon Bundy,Navarrete vs Valdez,Inter Miami,Meteor shower,2023,8
8786,8822,UK,UK,2023-08-13 08:05:02,Morning,Football Women's World Cup 2023,Anthony Joshua,Bayern Munich,Newcastle vs Aston Villa,Bayern vs RB Leipzig,Inter Miami,Leeds United,Real Madrid,Al Nassr,Leigh Leopards,Meteor shower tonight,Chisora,Brighton vs Luton Town,England vs Wales,Leicester City,Football,ITV,Bournemouth vs West Ham,DAZN,Everton vs Fulham,2023,8
8788,8824,DE,UK,2023-08-13 08:05:02,Morning,Matthias Reim,Fussball,Bayern gegen RB Leipzig,FC Bayern,BVB,Florian Silbereisen,Ute Freudenberg,Howard-carpendale,Real Madrid,Galatasaray,PSG,Borussia Dortmund,3 1/2 Stunden,VfB,DFB-Pokal,Schalke,Sternschnuppen,Taurus,Schalke 04,Gladbach,2023,8
8789,8825,FR,UK,2023-08-13 08:05:02,Morning,Nuit des etoiles,Pauline Ferrand prevot,Anthony Joshua,PSG,OM,Michel Sardou,Al-Nassr,Rodez \u2013 Saint-Étienne,Real Madrid,France \u2013 Écosse,Bayern,Lisieux,Tour Eiffel,Alain Delon,Inter Miami,Dimitri Payet,Arsenal,Fantasy Island,Foot,Newcastle \u2013 Aston Villa,2023,8
8790,8826,NL,UK,2023-08-13 08:05:02,Morning,Ajax,PSV,PEC Zwolle,Mathieu van der Poel,Arsenal,Bayern,Heerenveen,Loveland Festival,Puck Pieterse,La Liga,Hunter Biden,Eredivisie,FC Groningen,Vitesse,Cambuur,Natascha Kampusch,Roda JC,AZ,Maui,Ecuador,2023,8
8791,8827,IT,UK,2023-08-13 08:05:02,Morning,Supercoppa di Germania,Mietta,Narni,Ilary Blasi. Francesco Totti,Parma Calcio,Kepa,Ogni maledetta domenica,Al Nassr,Partizani  Roma,Newcastle,Atletico Bilbao-Real Madrid,Arsenal-Nottingham Forest,Empoli-Cittadella,Matic,Zapata,Etoile du Sahel,Bayern Monaco,Inter Miami,Choupo-Moting,Psg,2023,8
8792,8828,AUS,UK,2023-08-13 08:05:02,Morning,Al Nassr,City2Surf,Australia,Real Madrid,PSG,Gyrocopter,Melbourne Storm,7NEWS,Leeds United,Fremantle Dockers,Knights vs Bulldogs,Western Bulldogs,West Ham,Football,Roosters,Vicente Luque,Epl,Burnley vs Man City,Katrina Gorry,Inter Miami,2023,8
8794,8830,US,UK,2023-08-13 18:58:07,Evening,Chelsea vs Liverpool,Chiefs,Tottenham,Barcelona,Dallas Cowboys,Eagles,Carolina Panthers,Bayern Munich,Real Madrid,Tom Jones,Buffalo Bills,Chicago Bears,Chargers,England vs Colombia,PSG,Australia vs France,Braves vs Mets,Dwyane Wade,Cristiano Ronaldo,USA basketball,2023,8
8795,8831,UK,UK,2023-08-13 18:58:07,Evening,Chelsea vs Liverpool,Brentford vs Tottenham,Liverpoolfc,Southampton FC,Tom Hardy,Jack Harrison,Gary Lineker,Daniel Sturridge,Matt Damon,Kepa,Romelu Lukaku,Declan Rice,Anthony Joshua,Bayern Munich,Newcastle vs Aston Villa,Real Madrid,Al-Nassr,Chisora,Leeds United,Meteor shower tonight,2023,8
8797,8833,DE,UK,2023-08-13 18:58:07,Evening,Rot-Weiss Essen,Fussball,Neymar,Dirk Nowitzki,SC Freiburg,Veronika Grimm Wirtschaftsweise,Bayern Leipzig,FC Bayern,Lok Leipzig gegen Eintracht Frankfurt,Werder Bremen,BVB,Ute Freudenberg,Real Madrid,Liverpool,Spiel mir das Lied vom Tod,PSG,Kraftwerk Karlsruhe,Frank Zander,Borussia Dortmund,Silbereisen,2023,8
8798,8834,FR,UK,2023-08-13 18:58:07,Evening,Lens,Chelsea \u2013 Liverpool,Nantes \u2013 Toulouse,Clermont \u2013 Monaco,Rugby,Gilbert Montagné,Pauline Ferrand prevot,Brentford \u2013 Tottenham,Nuit des etoiles,Grasse,Anthony Joshua,FC Metz,Pierre Palmade,15 aout fete,Lotte Kopecky,France-Ecosse,PSG,OM,Michel Sardou,Real Madrid,2023,8
8799,8835,NL,UK,2023-08-13 18:58:07,Evening,Feyenoord,Almere City,Chelsea  Liverpool,AZ,NEC,Lotte Kopecky,Tottenham,Otter,RKC,Ajax,PSV,PEC Zwolle,Vallende sterren,Mathieu van der Poel,PSG,Van den Boomen,Hunter Biden,Eredivisie,Natascha Kampusch,AZ,2023,8
8800,8836,IT,UK,2023-08-13 18:58:07,Evening,Roberto Mancini,Chelsea-Liverpool,Cosenza-Sassuolo,Inter-Egnatia,Brentford-Tottenham,IeriOggiDomani,Supercoppa di Germania,Piero Angela,Trani,Assegnazione cavalli Palio agosto 2023,Matteo Messina Denaro,Cambiaso,Mietta,Robert Redford,Negramaro,Malinovskyi,Sergio Ramos,Calciomercato Inter Samardzic,Kepa,Tigelle,2023,8
8801,8837,AUS,UK,2023-08-13 18:58:07,Evening,Chelsea vs Liverpool,Bayern Munich,Tottenham,Brentford vs Tottenham,Al-Nassr,Storm vs Raiders,City2Surf,Real Madrid,Australia,Australia Cup,Knights vs bulldogs,Port Adelaide,West Coast Eagles,Bundesliga,India vs West Indies,PSG,Gyrocopter,Painkiller,Vivek Ramaswamy,Western Bulldogs,2023,8
8803,8839,US,UK,2023-08-14 08:05:03,Morning,Wander Franco Social Media,49ers,Chiefs,Meteor shower,Chelsea vs Liverpool,Barcelona,Tottenham,Chelsea,FedEx St. Jude,Meningitis,Michael McDowell,Dallas Cowboys,Eagles,Tom Jones,Bayern Munich,Real Madrid,Carolina Panthers,Stetson Bennett,Chicago Bears,PSG,2023,8
8804,8840,UK,UK,2023-08-14 08:05:03,Morning,Helen Skelton,Dwayne Johnson,Chelsea shirt sponsor,Chelsea vs Liverpool,Liverpool,Brentford vs Tottenham,Celtic,Conor McGregor,Max George,Tom Hardy,Daniel Sturridge,Jack Harrison,Southampton FC,Matt Damon,France v Scotland,Newgale campsite,IND vs WI,Romelu Lukaku,UK,Anthony Joshua,2023,8
8806,8842,DE,UK,2023-08-14 08:05:03,Morning,Liverpool,Olaf Scholz,Hansa Rostock,Supercup RB Leipzig FC Bayern München,Mick Schumacher,Fussball,Rot-Weiss Essen,Makkabi Berlin,Schiersteiner Brücke,Bayern Leipzig,Lok Leipzig gegen Eintracht Frankfurt,FC Bayern,Real Madrid,Spiel mir das Lied vom Tod,Liverpool,VfB,DFB-Pokal,Sternschnuppen,Taurus,Kane,2023,8
8807,8843,FR,UK,2023-08-14 08:05:03,Morning,Apres moi le bonheur,Strasbourg \u2013 Lyon,Lens,Nantes \u2013 Toulouse,Chelsea \u2013 Liverpool,Rennes \u2013 Metz,Balle perdue,Grasse,Brentford \u2013 Tottenham,Gilbert Montagné,Barca,Rugby,Pauline Ferrand prevot,Chelsea,Nuit des Etoiles,Colette,Lillet,Medine,15 aout fete,Luis Enrique,2023,8
8808,8844,NL,UK,2023-08-14 08:05:03,Morning,Liesje Schreinemacher,K2,Feyenoord,Almere City,NEC,Liverpool,Lotte Kopecky,AZ,Barcelona,Akpom,Annemiek van Vleuten,Ajax,PSV,PEC Zwolle,PSG,Van den Boomen,Van der Poel,Eredivisie,AZ,Maui,2023,8
8809,8845,IT,UK,2023-08-14 08:05:03,Morning,Etna,Putin,Moises Caicedo,Buon Ferragosto,Roberto Mancini,Inter-Egnatia,Inter,Bardonecchia,Chelsea-Liverpool,Cosenza-Sassuolo,Monza-Reggiana,Ron,Lecce-Como,Arnautovic,Brentford-Tottenham,Supercoppa di Germania,Juve,Ieri Oggi Domani,Assegnazione cavalli Palio agosto 2023,Celine Frei Matzohl,2023,8
8810,8846,AUS,UK,2023-08-14 08:05:03,Morning,Chelsea vs Liverpool,Chelsea,Nic Naitanui,NASCAR,Barcelona,Bruce Lehrmann,Julian Assange,Mark Latham,Paul Dawson,Pink,Louis Tillett,Power outage,Boomers,Bayern Munich,Brentford vs Tottenham,Al Nassr,Neymar,City2Surf,Real Madrid,Australia,2023,8
8812,8848,US,UK,2023-08-14 18:58:02,Evening,Michigan air show crash,James Harden,Harry Styles' Vogue cover,Clarence Avant,Brock Purdy,AMC stock,Wander Franco,Raiders,Chiefs,Meteor shower,49ers,Barcelona,Liverpool,Chelsea vs Liverpool,Plum house explosion,Magoo,Barack Obama,FC Barcelona,Tottenham,Michael McDowell,2023,8
8813,8849,UK,UK,2023-08-14 18:58:02,Evening,Helen Skelton,Mount Etna,Olivia Rodrigo,Pakistan Independence Day,David Jason,James Ward-Prowse,Suella Braverman,Dwayne Johnson,Mo Salah,Liverpool,Chelsea vs Liverpool,Brentford vs Tottenham,Tom Jones,Liverpool FC,Barcelona,Nicolas Jackson,Max George,Tom Hardy,Jack Harrison,Daniel Sturridge,2023,8
8815,8851,DE,UK,2023-08-14 18:58:02,Evening,Liverpool,FC Homburg,Putsch,Olaf Scholz,Ätna,VfB Lübeck,VfL Osnabrück,Baerbock,Neymar,Hansa Rostock,Mick Schumacher,Andreas Jurca,Fussball,Union Berlin,SC-Freiburg,Chelsea,Israel,Schiersteiner Brücke,Bayern Leipzig,Eintracht Frankfurt,2023,8
8816,8852,FR,UK,2023-08-14 18:58:02,Evening,Aéroport Catane éruption Etna,Tony Parker,15 aout férié,Cluny,Taxi Driver,Lacanau,Emmanuelle Béart,Apres moi le bonheur,Akor Adams,Strasbourg \u2013 Lyon,Neymar,Lens,Chelsea \u2013 Liverpool,Feu d'artifice 15 aout,Clermont \u2013 Monaco,FC Nantes,Kylian Mbappé PSG,Johnny depp,Grasse,Barca,2023,8
8817,8853,NL,UK,2023-08-14 18:58:02,Evening,Liesje Schreinemacher,Etna,Exor,Getafe,Russische bommenwerper,Van Hooijdonk,BKR-registratie,Sinisterra,Feyenoord,Bibi Dumon Tak,Almere City,Lotte Kopecky,AZ,Neymar,Liverpool,NEC,Twente,Chelsea,NEC Excelsior,Go Ahead Eagles,2023,8
8818,8854,IT,UK,2023-08-14 18:58:02,Evening,Etna,"Sampdoria,  Südtirol",Ferragosto,CREMONESE-CROTONE,Buon Ferragosto,Javier Milei Argentina,Allerta meteo,Broja,Spalletti Nazionale,Ferragosto significato,Petizione salario minimo,Putin,Pisa,I peggiori giorni,Giorgia Meloni Albania,Madeira,Fuochi d'artificio,Samsonova,Assunzione di Maria,THURAM,2023,8
8819,8855,AUS,UK,2023-08-14 18:58:02,Evening,Mount Etna eruption,Sydney Airport,Liverpool,Chelsea vs Liverpool,Boomers,FIBA World Cup,Basketball World Cup,Mark Latham,Barcelona,NASCAR,Julian Assange,Liverpool FC,Ange Postecoglou,Pink,Barack Obama,Sweden vs Spain,Power outage,Louis Tillett,Wander Franco,Chelsea FC,2023,8
8821,8857,US,UK,2023-08-15 08:05:03,Morning,Alex Collins death,Michael Oher,Ezekiel Elliott,Manchester United,Dalvin Cook,Georgia indictment,Harry Styles' Vogue cover,Clarence Avant,Michigan air show crash,Bad Bunny,Rich man North of Richmond,Niger President Mohamed Bazoum,Brock Purdy,Gwen Stefani,Ashley Olsen child,Wander Franco,Chiefs,Raiders,Meteor shower,Magoo rapper,2023,8
8822,8858,UK,UK,2023-08-15 08:05:03,Morning,Andy Murray,Michael Oher,Hugh Grant,Bobbi Althoff,Niger President Mohamed Bazoum,Man United vs Wolves,Man Utd,David de Gea,Helen Skelton,Mount Etna,Al-Ettifaq vs Al-Nassr,Olivia Rodrigo,David Jason,Pakistan Independence Day,James Ward-Prowse,Top Boy,Dwayne Johnson,Tusk,Alison Steadman,Wilko sale,2023,8
8824,8860,DE,UK,2023-08-15 08:05:03,Morning,Gewitter Berlin,VfL Osnabrück,Annalena Baerbock Australien,Unfall Europa-Park Rust,FC Homburg,Osnabrück,Mariä Himmelfahrt,Schweinsteiger,Olaf Scholz,Besiktas,Neymar,Andreas Jurca,Union Berlin,FC Barcelona,Israel,Bernhard Brink,Bayern Leipzig,Eintracht Frankfurt,Liverpool,DFB-Pokal,2023,8
8825,8861,FR,UK,2023-08-15 08:05:03,Morning,Europa-Park,Loto 14 aout 2023,Javier Milei,Cyril Baille,Argeles sur-Mer,Aéroport Catane éruption Etna,Manchester United \u2013 Wolves,Mort principal collège Lisieux,Tony Parker,Benfica,Bardonecchia,Concarneau,Atletico Madrid,Lacanau,Emmanuelle Béart,Al-Ittihad,15 aout,Neymar,Feu d'artifice 15 aout,OL,2023,8
8826,8862,NL,UK,2023-08-15 08:05:03,Morning,Bontenbal,Pierre van Hooijdonk,Etna,Exor,Russische bommenwerper,BKR-registratie,Feyenoord,Bibi Dumon Tak,Almere City,NEC,Chelsea,Go Ahead Eagles,Kopecky,PEC Zwolle,Eredivisie,AZ,Maui,Ecuador,Robbie Robertson,PSV,2023,8
8827,8863,IT,UK,2023-08-15 08:05:03,Morning,Jo Squillo,Demiral,Venus Williams,Zaniolo,Cervinia,Chiesa,Coppa Italia risultati,Matteo Paolillo,Etna,Matteo Berrettini,Sampdoria  Südtirol,Ferragosto,Torino-FeralpiSalò,Estrazione SuperEnalotto,CREMONESE-CROTONE,Spezia-Venezia,Dirty Dancing,Manchester United-Wolverhampton,Ferragosto significato,Ray Charles,2023,8
8828,8864,AUS,UK,2023-08-15 08:05:03,Morning,Man United vs Wolves,Michael Oher,Mushroom deaths,Independence Day India,Lavia,Beyond The Valley,Mount Etna eruption,Gracie Abrams Australia,Al-Ettifaq vs Al-Nassr,Bad Bunny,Tevita Pangai Junior,FIBA,Saturn,Sydney Airport,Liverpool,Chelsea vs Liverpool,Boomers,Boomers vs World,Spain vs Sweden,Neymar,2023,8
8830,8866,US,UK,2023-08-15 18:58:03,Evening,Spain vs Sweden,Bayern Munich,Luke Combs,Alex Collins death,Trump,Manchester United,Ezekiel Elliott,Dalvin Cook,Clarence Avant,Michigan air show crash,Conservatorship,Bad Bunny,AMC stock,Niger President Mohamed Bazoum,Brock Purdy,Wander Franco,Meteor shower,Magoo rapper,Chiefs,49ers,2023,8
8831,8867,UK,UK,2023-08-15 18:58:03,Evening,Spain vs Sweden,England vs Australia,Michael Oher,Andy Murray,Olise,India Independence Day,Rachel Zegler,Jurrien Timber,Hugh Grant,Donald Trump,Davina McCall,Niger President Mohamed Bazoum,Bobbi Althoff,Bad Bunny,Sara Sharif,Man United vs Wolves,David de Gea,Al-Ettifaq vs Al-Nassr,Helen Skelton,Mount Etna,2023,8
8833,8869,DE,UK,2023-08-15 18:58:03,Evening,Bruce Willis,Michael Oher,WM-Halbfinale,Stefan Ortega,Unfall Europa-Park Rust,Annalena Baerbock Australien,Mariä Himmelfahrt,Schweinsteiger,Markus Lanz,VfB Lübeck,Olaf Scholz,Neymar,Israel,Bernhard Brink,Bayern Leipzig,Eintracht Frankfurt,Liverpool,DFB-Pokal,Sternschnuppen,Taurus,2023,8
8834,8870,FR,UK,2023-08-15 18:58:03,Evening,Europa Park,Espagne suede,Juliette Armanet Sardou,Plastic Bertrand,Gordes,Australie Angleterre,Embrunman,Trump,Tour du Limousin,Kepa,Javier Milei,Mike Tyson,Dieudonné,Serval,Sylvie Vartan,Assomption,Argeles sur-Mer,Rugby : Romain Ntamack,Mort principal collège Lisieux,Etna,2023,8
8835,8871,NL,UK,2023-08-15 18:58:03,Evening,Sturm Graz PSV,Pieter Omtzigt,Manchester United,Van Hooijdonk,Philips,Feyenoord,Bibi Dumon Tak,NEC,Chelsea,Go Ahead Eagles,PEC Zwolle,Eredivisie,AZ,Maui,Ecuador,Robbie Robertson,PSV,Noorwegen,PSV Sturm Graz,Liverpool,2023,8
8836,8872,IT,UK,2023-08-15 18:58:03,Evening,Estrazione SuperEnalotto,Lotto,Palio di Siena,Cervinia,Freddie Mercury,Spagna Svezia femminile,Demiral,Il Gattopardo,Zaniolo,Monte Pellegrino,Venus Williams,Immagini ferragosto 2023,Jo Squillo,Matteo Paolillo,TODI,Festa dell'Assunzione,Chiesa,FERRAGOSTO FESTA religiosa,Cetara,Queen,2023,8
8837,8873,AUS,UK,2023-08-15 18:58:03,Evening,Man United vs Wolves,Michael Oher,Mushroom deaths,Beyond The Valley,Independence day India,Mount Etna eruption,Tevita Pangai Junior,Gracie Abrams Australia,Payne Haas,Missing surfers Indonesia,Donald Trump,Bad Bunny,Matt Damon,Plasma,Anthony Albanese,Salma Paralluelo,Saturn,Fascist,FIBA,Spain vs Sweden,2023,8
8839,8875,US,UK,2023-08-29 08:05:06,Morning,UNC-Chapel Hill,US Open,Zach Bryan,Elton John,Noah Lyles,Kyler Murray,When is Labor Day,US Open 2023,Bradley Cooper and Irina Shayk,Bad Bunny,Sea of Stars,Streamy Awards 2023,Cade York,Jim Cantore,Mark Ridley-Thomas,Burning Man,Josh Seiter,Blue moon,Helicopter crash Florida,Donny Osmond,2023,8
8840,8876,UK,UK,2023-08-29 08:05:06,Morning,Rubiales,Glasgow Airport,Air traffic control,US Open,The Tower,Ulez,Billie Eilish,Abaya,US Open tennis,Atletico Madrid,Eden Hazard,Elton John,Danielle Nicholls,Edinburgh Airport,Ultra-processed foods,Lamine Yamal,David Attenborough,Elliot Anderson,Viktor Hovland,Inter Milan,2023,8
8842,8878,DE,UK,2023-08-29 08:05:06,Morning,US Open,Kindergrundsicherung,Höhle der Löwen,Salut Salon,Lisa Paus,Basketball-WM,Jürgen von der Lippe,Mallorca Unwetter,Mallorca,St. Pauli,Dennis Schröder,Julian Weber,Hertha BSC,Deichkind,Formel-1,Rubiales,Formel 1 heute,Unwetter Bayern,Dennis Schröder,Donald Trump,2023,8
8843,8879,FR,UK,2023-08-29 08:05:06,Morning,Pascal Praud,Jean-Jacques Goldman,Noah Lyles,Annecy - ASSE,Gasquet,Pole emploi,US Open,Atletico Madrid,Filles du feu,OL,Eboulement Maurienne,"Un gars, une fille (au pluriel",Jason Bourne,Sophie Davant Julia Vignali,Michel Sardou,Us Open 2023,Coupe du monde rugby 2023,Patineuse artistique Alexandra Paul,Aurillac,Mae,2023,8
8844,8880,NL,UK,2023-08-29 08:05:06,Morning,Rubiales,Vero Moda,US Open,Sparta,Heerenveen,Max Verstappen,Femke Bol,FC Groningen,Steve Carell,Grand Prix,Buitenhof,Max Verstappen Zandvoort,Loch Ness,F1,Formule 1,Kees van der Staaij,Viaplay,Trump,Ricciardo,Grand Prix Zandvoort,2023,8
8845,8881,IT,UK,2023-08-29 08:05:06,Morning,Rune,Kaio Jorge,Trieste,Vladimir Putin,Evergrande,Al Hilal,Lady Diana,Cortina. Frana Tre Croci,Simone Biles,Fabrizio Romano Here we go,Chiara Ferragni Fedez Sanremo,Us Open,Salernitana-Udinese,Stefano Bandecchi sindaco Terni,Maltempo allerta meteo,Argo film,Genova,Maurizio Costanzo,Guendouzi,Rayo Vallecano  atlético Madrid,2023,8
8846,8882,AUS,UK,2023-08-29 08:05:06,Morning,Bali earthquake,Novak Djokovic,Blue moon,Elton John,Cyber,Rondae Hollis-Jefferson,Sea of Stars,Onam,Amy Winehouse,Bailey Smith,Mossman Gorge,Adam Simpson,Fortescue,US Open Tennis,US Open,AFL Finals,Liverpool,Man City,Danny Zayat,All-Australian team 2023,2023,8
8848,8884,US,UK,2023-08-29 18:58:06,Evening,Michael Jackson,Novak Djokovic,Kanye West,Wayne Newton,Ronald acuna,The Idol,UNC-Chapel Hill,US Open,Elton John,Kyler Murray,Noah Lyles,Blue moon,When is Labor Day,Bad Bunny,Sea of Stars,Josh Seiter,Billie Jean King,Jim Cantore,Streamy Awards 2023,Mark Ridley-Thomas,2023,8
8849,8885,UK,UK,2023-08-29 18:58:06,Evening,Cliff Richard,Jamaal Lascelles,Rubiales,Beto,Roy Keane,Ibex,Carabao Cup,Andy Murray,Brain worms,Hojbjerg,Indiana Jones,Imran Khan,Lukaku,Sea of Stars,Novak Djokovic,Onam,Air traffic control,Ulez check,US Open,The Tower,2023,8
8851,8887,DE,UK,2023-08-29 18:58:06,Evening,Till Lindemann,Bürgergeld,Vivek Ramaswamy,US Open,Kindergrundsicherung,US Open 2023,Höhle der Löwen,Lisa Paus,Robotyne,Salut Salon,Jürgen von der Lippe,Mallorca Unwetter,Bayern,St. Pauli,Dennis Schröder,Julian Weber,Hertha BSC,Formel-1,Rubiales,Formel 1 heute,2023,8
8852,8888,FR,UK,2023-08-29 18:58:06,Evening,Liban \u2013 France,Carte Avantage SNCF,Atletico Madrid,Jean-Jacques Goldman,Jean-Marc Morandini,Noah Lyles,Gasquet,Pole emploi,US Open,Ol,Eboulement Maurienne,US Open 2023,Affaire conclue,Filles du feu,Michel Sardou,Amélie Nothomb,Aurillac,Mae,UTMB,"Un gars, une fille",2023,8
8853,8889,NL,UK,2023-08-29 18:58:06,Evening,Mikautadze,Rubiales,Lozano,Till Lindemann,Geert Wilders,US Open,Heerenveen,Ana Huang,Almere City,Sparta,Word,Sparta Rotterdam,Max Verstappen,Femke Bol,FC Groningen,Mikautadze,Grand Prix,Max Verstappen Zandvoort,Loch Ness,F1,2023,8
8854,8890,IT,UK,2023-08-29 18:58:06,Evening,Italia basket,Jordan Clarkson,Chiara Ferragni Fedez Sanremo,Kanye West,Pallavolo femminile Europei,Consiglio di Stato serie B,Romelu Lukaku,Rune,Kaio Jorge,Ranieri,Vladimir Putin,Michael Jackson,Brescia Calcio,Power Hits Estate 2023,Trieste,Italia-Francia pallavolo femminile,Taremi Milan,Marco Cappato,Anagni,Al Hilal,2023,8
8855,8891,AUS,UK,2023-08-29 18:58:06,Evening,Boomers,Tennis,Bali earthquake,US Open tennis,Ibex,Blue moon,Ebony,Elton John,Australia Cup,Cyber,Sea of Stars,Indiana Jones,Worm in brain,Kanye West,Michael Jackson,Carabao Cup,Rondae Hollis-Jefferson,Bailey Smith,Coco Gauff,The Idol,2023,8
8857,8893,US,UK,2023-08-30 08:05:03,Morning,Ibex,Jonathan Taylor news,3M earplugs lawsuit,Patriots,Michael Jackson,Venus Williams,Steve Scalise,Kanye West,Amy Robach and T.J. Holmes,Tottenham,John Isner,Josh Donaldson,North Korean leader Kim Jong Un,Novak Djokovic,Harrison Bader,Raksha Bandhan 2023,EFL Cup,NFL cuts,Ryder Cup picks,Alcaraz,2023,8
8858,8894,UK,UK,2023-08-30 08:05:03,Morning,Raksha Bandhan 2023,Gabon,Jamie Crick,Port Vale,Cucurella,Norwich City,Fulham vs Tottenham,Leeds United,EFL Cup,Andy Murray,Plymouth Argyle vs Crystal Palace,Blue Moon,Wolves vs Blackpool,The Following Events Are Based on a Pack of Lies,Hurricane Idalia,easyJet flights,Rubiales,Cliff Richard,Onyx,Wolves,2023,8
8860,8896,DE,UK,2023-08-30 08:05:03,Morning,Pavard,Rammstein-Sänger Till Lindemann,Bürgergeld,Unfall A2,In aller Freundschaft,Andreas Kieling 7 vs Wild,Mette-Marit,US Open,Kindergrundsicherung,US Open 2023,Lisa Paus,Jürgen von der Lippe,Mallorca Unwetter,Bayern,St. Pauli,Dennis Schröder,Julian Weber,Hertha BSC,Deichkind,Formel-1,2023,8
8861,8897,FR,UK,2023-08-30 08:05:03,Morning,The Voice Kids,Gabon,Monfils,Taxe fonciere 2023,Carlos Alcaraz,Andy Carroll,Groupe Wagner Evgueni Prigojine,Morandini,Carte Avantage SNCF,"Parents Emile, disparu",Galatasaray,Atletico Madrid,The Idol,Pascal Praud,Arthur Fils,Indiana Jones,Kanye West,Ons Jabeur,France Liban,Pole emploi,2023,8
8862,8898,NL,UK,2023-08-30 08:05:03,Morning,Galatasaray,Lozano,Rubiales,Maarten van Rossem,Till Lindemann,Martin Luther King,Deventer moordzaak,Silberbauer,US Open,Sparta,Heerenveen,Ana Huang,Almere City,Noodweer Alpen,Max Verstappen,FC Groningen,Mikautadze,Grand Prix,Max Verstappen Zandvoort,Loch Ness,2023,8
8863,8899,IT,UK,2023-08-30 08:05:03,Morning,Risultati Serie B,Carlos Alcaraz,Hurricane film,Gabon,Alfa,Biagio Antonacci,Ndombele,Redemption,Raimo,Dominguez,Palia,Serie B,Italia-Francia pallavolo,Reggina,Galatasaray,The Next Three Days,COSENZA calcio,Jordan Clarkson,Kanye West Venezia,Pavard Inter,2023,8
8864,8900,AUS,UK,2023-08-30 08:05:03,Morning,Referendum 2023 date,Raksha Bandhan 2023,Boomers,Carlos Alcaraz,Hurricane Idalia,Venus Williams,Alex de Minaur,Nepal vs Pakistan,Adele,Spanish Football Luis Rubiales,Tennis,FIBA Basketball,Bali earthquake,Tottenham,Blue moon,US Open Tennis,Onyx,Ibex,Lynx,Novak Djokovic,2023,8
8866,8902,US,UK,2023-08-30 18:58:02,Evening,Gabon,Mario,Logic,Asia Cup 2023,Andy Murray,Fort Myers,Jonathan Taylor news,Patriots,3M earplugs lawsuit,Venus Williams,Michael Jackson,Kanye West,Arik Gilbert,Tottenham,Steve Scalise,Josh Donaldson,Ronald acuna,Novak Djokovic,Pope Francis News,Alcaraz,2023,8
8867,8903,UK,UK,2023-08-30 18:58:02,Evening,Gabon,Pakistan vs Nepal,Asia Cup 2023,Raksha bandhan 2023,Jamie Crick,Ansu Fati,Cucurella,New Zealand vs England,Nat Phillips,Carabao Cup draw,Rob Delaney,Rakhi 2023,Warren Buffett,Graham Saville,Tommy Doyle,League cup,Port Vale,Pakistan cricket,Norwich City,Fulham vs Tottenham,2023,8
8869,8905,DE,UK,2023-08-30 18:58:02,Evening,Blue Moon,Fairphone 5,Unfall A2,Till Lindemann,Bürgergeld,Hurricane Florida,Andreas Kieling 7 vs Wild,In aller Freundschaft,Lungenfibrose,Alfredo Morelos,US Open,Kindergrundsicherung,US Open 2023,Lisa Paus,Jürgen von der Lippe,Mallorca Unwetter,Bayern,St. Pauli,Dennis Schröder,Julian Weber,2023,8
8870,8906,FR,UK,2023-08-30 18:58:02,Evening,Gabon,The Voice Kids,Taxe fonciere 2023,Ouragan Floride,Disparition Emile parents,Carlos Alcaraz,Philippe Garrel,Australie ver cerveau,Andy Carroll,FC Lorient,iPhone 15 Pro Max,Omar Bongo,Football Espagne Luis Rubiales,Danty,Eramet,The Idol,Mama balde,Morandini,Carte Avantage SNCF,Barbara Schulz,2023,8
8871,8907,NL,UK,2023-08-30 18:58:02,Evening,Gabon,Florida,Ruud de Wild,Fairphone 5,Kanye West,Holland Norway Lines,Blauwe supermaan,Johan Derksen,Opsporing Verzocht,Maan,Wopke Hoekstra,Rubiales,Martin Luther King,Deventer moordzaak,Silberbauer,US Open,Sparta,Heerenveen,Almere City,Max Verstappen,2023,8
8872,8908,IT,UK,2023-08-30 18:58:02,Evening,Gabon,Kostic,Risultati Serie B,Alfa Romeo,Carlos Alcaraz,Amal Clooney,Ibrahimovic,The Equalizer 3,Turbolenza aereo Maiorca,Holm,Bronzetti,Maxime Lopez,Comenencia,Raimo,Hurricane film,Don Antonio Coluccia,Pskov,Biagio Antonacci,Zaniolo,Pino Daniele,2023,8
8873,8909,AUS,UK,2023-08-30 18:58:02,Evening,Andy Murray,Referendum 2023 date,Asia Cup,Hurricane Idalia,Raksha Bandhan 2023!,All-Australian team 2023,Boomers,Rakhi 2023,Gadsden flag,Gabon,AFL Awards night 2023,Venus Williams,Adele,Daffodil Day,Warren Buffett,Alcaraz,Burger King Whopper,The Equalizer 3,Spanish Football Luis Rubiales,Leeds United,2023,8
8875,8911,US,UK,2023-08-31 08:05:03,Morning,Mitch McConnell,Gabon,Chelsea,Nashville vs Inter Miami,Nebraska volleyball,Golden Bachelor,Jihad Ward,Gadsden flag patch,Dundee-Crown High School,Mario,Travis Scott,Inter Miami vs Nashville,Andy Murray,Fort Myers,Hurricane Idalia,Jonathan Taylor news,Patriots,3M earplugs lawsuit,Michael Jackson,Venus Williams,2023,8
8876,8912,UK,UK,2023-08-31 08:05:03,Morning,Inter Miami vs Nashville,Chelsea,Rangers,Everton,Gabon,Pakistan vs Nepal,Nottm Forest vs Burnley,New Zealand vs England,Sheffield United,Ansu Fati,Raksha Bandhan 2023!,Ryan Gravenberch,Henry Cavill Highlander reboot,Champions League draw,Mitch McConnell,Chelsea FC,Nat Phillips,Jack Grealish,Jamie Crick,Blackburn Rovers,2023,8
8878,8914,DE,UK,2023-08-31 08:05:03,Morning,Blue Moon,Fairphone 5,Hurrikan Idalia Florida,Harald Schmidt,Pavard,Unfall : A2,Till Lindemann,Bürgergeld,Andreas Kieling 7 vs Wild,Lungenfibrose,US Open,Kindergrundsicherung,US Open 2023,Lisa Paus,Jürgen von der Lippe,Mallorca Unwetter,Bayern,St. Pauli,Dennis Schröder,Julian Weber,2023,8
8879,8915,FR,UK,2023-08-31 08:05:03,Morning,PSV,Gabon,The Voice Kids,Taxe fonciere 2023,Tirage Ligue des champions,Ouragan Floride,Accident mortel,Philippe Garrel,Monfils,Disparition Emile parents,One Piece Netflix,Carlos Alcaraz,Australie ver cerveau,Andy Carroll,Ludovic Vaty,Danty,Alfa Romeo 33 Stradale,Tsitsipas,Luna Park,Bradley Barcola,2023,8
8880,8916,NL,UK,2023-08-31 08:05:03,Morning,Rolf Sanchez,PSV,Gabon,Fairphone 5,Kanye West,Dries Roelvink!,Florida,Holland Norway Lines,Beter Laat Dan Nooit,Wopke Hoekstra,Martin Luther King,Silberbauer,US Open,Sparta,Heerenveen,Almere City,Max Verstappen,FC Groningen,Mikautadze,Grand Prix,2023,8
8881,8917,IT,UK,2023-08-31 08:05:03,Morning,Amrabat,One Piece Netflix,Raoul Bova,Gabon,Sampdoria-Venezia,Sinner Us Open,Alfa Romeo 33 Stradale,CATANZARO-SPEZIA,Raffaella Carrà,Stricker,Bari  Cittadella,L'ordine del tempo film,Europei pallavolo femminile,Il lato oscuro della mia famiglia,Corrado,Kostic,Ternana-Cremonese,Cordovado,Maxime Lopez,Watchmen,2023,8
8882,8918,AUS,UK,2023-08-31 08:05:03,Morning,Chelsea,Cricket,Mitch McConnell,Inter Miami vs Nashville,Tanveer Sangha,Cricket Australia,Ansu Fati,Lumber,Everton,Virginia Trioli,Andy Murray,Champions League draw,Blue Moon,Nepal vs Pakistan,Referendum 2023 date,All-Australian team 2023,Hurricane Idalia,Tottenham,AEC,Boomers,2023,8
8884,8920,US,UK,2023-08-31 18:58:03,Evening,One Piece live-action,Champions League draw,Champions League,Eras Tour Movie,The Golden Bachelor,Ruby Franke,American Airlines flight attendants,Nebraska football,Burger King Whopper lawsuit,Mitch McConnell,Florida Hurricane Idalia,Gabon,Starfield review,Chelsea,Clout,Dianne Feinstein,Inter Miami vs Nashville,Jihad Ward,Travis Scott,Dundee-Crown High School,2023,8
8885,8921,UK,UK,2023-08-31 18:58:03,Evening,Grant Shapps,One Piece,ABBA Agnetha,Starfield review,Inter Miami vs Nashville,Salah,Bournemouth Air show,Bangladesh vs Sri Lanka,New Covid variant,Sumotherhood,Supreme,Burnley fc,Burger King Whopper lawsuit,Lincoln City,Novak Djokovic,Harrogate Town,Champions League draw,Rangers,Chelsea vs AFC Wimbledon,Chelsea,2023,8
8887,8923,DE,UK,2023-08-31 18:58:03,Evening,Füllkrug,One Piece Netflix,Bonucci,Mitch McConnell,UEFA champions league,Champions League Auslosung,Oliver Pocher,Hurrikan Idalia Florida,Bachelorette,Palhinha,Mond,Unfall A2,Till Lindemann,Bürgergeld,US Open,Kindergrundsicherung,US Open 2023,Lisa Paus,Jürgen von der Lippe,Mallorca Unwetter,2023,8
8888,8924,FR,UK,2023-08-31 18:58:03,Evening,Liste Deschamps,Novak Djokovic,Lenny Martinez,Supreme,Ansu Fati,France \u2013 Iran,Cyril Hanouna,Gad Elmaleh,Equipe de France,Antoine Dupont,Thiem,Balogun,PSV,Clement Beaune,Volley : France,Gabon,Tirage Ligue des champions,One Piece Netflix,The Voice Kids,Barcola,2023,8
8889,8925,NL,UK,2023-08-31 18:58:03,Evening,Jan Jongbloed,Lavoie,Carel Eiting,Tong Tong Fair,Starfield review,PSV,Saibari PSV,Gabon,Ruud de Wild,Blauwe supermaan,Holland Norway Lines,Fairphone,Orkaan Florida,Florida,Sam Lammers,Johan Derksen,Blauwe maan,US Open,Sparta,Heerenveen,2023,8
8890,8926,IT,UK,2023-08-31 18:58:03,Evening,Sorteggi Champions League,Incidente ferroviario,One Piece Netflix,Guendouzi,Giorgia Meloni Caivano,Lady Diana,Amrabat,Estrazioni Lotto SuperEnalotto,UEFA,Barcellona,Concerto Loredana Bertè Catania,Supreme,Nainggolan,Mongolia,Wozniacki,Eric Garcia,Cremonese,Raoul Bova,PSV,Everton,2023,8
8891,8927,AUS,UK,2023-08-31 18:58:03,Evening,North Korean,Broncos vs Storm,One Piece live action,Champions League draw,Mitch McConnell,COVID visa,Chelsea,Cricket,Wozniacki,Tanveer Sangha,Inter Miami vs Nashville,Bangladesh vs Sri Lanka,Starfield review,Virginia Trioli,Ansu Fati,Evanescence,Haunted Mansion,Tsitsipas,Everton,Saltburn,2023,8
